vote96,mhealth_sum,age,educ,black,female,married,inc10
1,0,60,12,0,0,0,4.814899921417236
1,NA,27,17,0,1,0,1.738700032234192
1,1,36,12,0,0,1,8.827300071716309
0,7,21,13,0,0,0,1.738700032234192
0,NA,35,16,0,1,0,4.814899921417236
1,NA,33,16,0,0,0,2.5411999225616455
0,NA,43,12,0,0,0,4.814899921417236
0,6,29,13,0,0,0,10.699799537658691
1,2,39,18,0,1,1,NA
0,NA,45,15,0,0,0,7.222300052642822
1,NA,29,12,0,0,0,5.884900093078613
1,1,41,15,1,1,1,8.827300071716309
1,NA,32,14,0,1,0,2.9423999786376953
1,2,48,20,0,0,1,8.827300071716309
0,9,20,12,0,1,0,7.222300052642822
NA,4,43,16,0,0,1,2.273699998855591
0,12,27,11,0,1,0,1.2036999464035034
0,2,34,7,0,1,0,NA
0,NA,43,9,0,0,0,0.05350000038743019
1,2,28,16,0,0,1,7.222300052642822
1,NA,42,16,0,0,1,14.879599571228027
1,0,72,14,0,0,1,4.012400150299072
1,1,45,16,0,0,1,14.879599571228027
1,1,79,19,0,0,0,7.222300052642822
1,NA,81,16,0,1,0,5.884900093078613
1,NA,65,18,0,0,1,NA
0,NA,75,12,0,1,0,NA
NA,NA,36,15,0,1,0,NA
1,NA,48,14,0,1,0,4.814899921417236
1,NA,61,13,0,1,0,3.477400064468384
1,NA,59,16,0,0,0,NA
1,3,73,12,0,0,1,NA
0,0,51,15,0,0,0,NA
1,NA,56,12,0,1,0,NA
0,2,41,14,0,0,0,4.814899921417236
1,3,64,13,0,1,0,2.5411999225616455
0,NA,50,16,0,1,0,2.5411999225616455
0,6,31,11,0,0,0,NA
0,2,25,9,0,1,1,0.9629999995231628
0,7,27,12,0,0,1,4.012400150299072
1,NA,50,16,0,1,1,NA
1,NA,81,14,0,1,0,NA
1,1,50,16,0,0,1,14.879599571228027
NA,NA,19,11,0,1,0,14.879599571228027
1,3,71,18,0,1,0,3.477400064468384
1,NA,56,17,0,1,1,14.879599571228027
1,NA,57,16,0,0,1,NA
1,1,45,16,0,1,0,10.699799537658691
1,1,56,16,0,1,0,0.8025000095367432
1,NA,25,16,0,0,0,2.9423999786376953
0,5,38,14,0,0,1,5.884900093078613
NA,NA,30,16,0,0,1,2.006200075149536
0,NA,24,13,1,0,0,2.273699998855591
NA,NA,41,14,0,1,1,4.012400150299072
0,4,28,13,0,0,0,2.5411999225616455
1,NA,60,20,0,0,0,1.2036999464035034
1,3,47,14,0,1,0,4.814899921417236
1,3,35,14,0,0,0,0.8025000095367432
1,NA,37,16,0,1,0,8.827300071716309
1,NA,81,6,0,1,0,NA
1,NA,38,19,0,1,0,5.884900093078613
1,1,47,11,1,1,0,1.2036999464035034
0,NA,76,11,1,1,0,0.9629999995231628
1,NA,86,7,1,1,0,0.6955000162124634
1,NA,73,11,1,1,0,1.738700032234192
NA,3,69,11,1,1,0,0.6955000162124634
1,NA,50,6,0,1,0,1.2036999464035034
1,NA,29,14,1,1,0,0.9629999995231628
1,1,32,14,1,0,0,2.273699998855591
0,NA,74,12,1,1,0,0.9629999995231628
1,3,34,14,1,1,1,5.884900093078613
1,NA,48,20,1,1,1,10.699799537658691
1,NA,52,16,1,1,1,10.699799537658691
1,NA,51,14,1,1,0,2.9423999786376953
1,2,25,14,1,1,1,1.4711999893188477
1,NA,64,12,0,0,0,2.5411999225616455
NA,NA,44,12,0,1,0,3.477400064468384
1,2,49,12,0,0,1,10.699799537658691
0,3,82,8,0,1,1,2.5411999225616455
0,NA,34,14,0,0,1,5.884900093078613
1,0,79,13,0,0,0,2.5411999225616455
1,NA,46,12,0,1,0,NA
1,0,44,12,0,1,1,NA
1,NA,35,12,0,0,1,14.879599571228027
1,7,39,12,0,0,1,14.879599571228027
0,3,44,10,0,0,0,2.273699998855591
1,0,56,20,0,0,1,14.879599571228027
1,NA,51,18,0,0,0,7.222300052642822
1,NA,64,19,0,1,0,NA
0,NA,33,20,0,0,1,10.699799537658691
1,7,50,20,0,1,1,14.879599571228027
1,NA,69,17,0,0,1,7.222300052642822
1,4,34,18,0,0,1,10.699799537658691
1,NA,42,16,0,1,0,2.5411999225616455
1,2,63,15,0,1,1,10.699799537658691
1,2,49,18,0,1,0,5.884900093078613
1,NA,71,17,0,1,1,4.814899921417236
1,0,64,12,0,1,1,7.222300052642822
1,NA,48,16,1,1,1,14.879599571228027
1,NA,72,12,0,1,1,NA
0,2,30,12,0,0,1,4.814899921417236
1,2,46,16,0,0,1,8.827300071716309
0,NA,21,9,0,0,0,3.477400064468384
1,1,43,18,0,1,0,2.273699998855591
0,0,27,13,0,1,0,2.9423999786376953
0,10,22,10,0,0,0,2.5411999225616455
1,NA,41,14,0,1,1,10.699799537658691
0,1,37,13,1,1,1,4.814899921417236
NA,14,55,9,0,1,0,0.9629999995231628
0,NA,30,6,0,1,0,NA
1,4,24,12,0,1,0,NA
0,10,26,11,0,1,0,NA
NA,NA,19,12,0,1,0,NA
NA,7,26,11,0,1,1,NA
1,2,59,7,0,1,0,0.37450000643730164
1,NA,40,13,0,0,0,3.477400064468384
1,8,79,8,0,1,0,0.5885000228881836
1,NA,56,13,0,0,0,2.273699998855591
1,NA,54,18,1,1,0,4.814899921417236
1,NA,29,14,0,1,0,4.012400150299072
1,NA,23,16,0,0,0,1.4711999893188477
1,0,35,16,1,1,1,2.9423999786376953
0,9,26,12,1,0,0,4.012400150299072
0,2,46,15,1,0,0,2.273699998855591
1,1,35,10,1,0,0,1.4711999893188477
1,NA,55,11,1,0,0,0.8025000095367432
1,NA,67,9,0,1,0,0.9629999995231628
NA,0,72,9,1,1,0,0.8025000095367432
1,7,80,9,1,1,0,0.8025000095367432
1,NA,71,12,1,0,0,1.4711999893188477
1,NA,74,13,1,0,0,2.006200075149536
0,9,53,12,0,1,0,0.5885000228881836
1,1,76,18,0,1,0,0.9629999995231628
0,NA,49,12,1,0,1,7.222300052642822
1,0,57,11,1,0,0,2.9423999786376953
0,2,55,11,1,0,0,NA
1,NA,42,13,1,1,1,2.9423999786376953
NA,NA,55,9,1,1,0,NA
1,NA,80,12,0,1,1,2.5411999225616455
1,1,43,20,0,1,1,10.699799537658691
1,2,42,16,0,0,0,14.879599571228027
0,6,43,12,0,1,0,2.9423999786376953
1,9,69,15,0,1,0,1.2036999464035034
0,3,56,9,0,1,1,4.814899921417236
0,NA,61,12,0,1,1,NA
0,NA,34,11,0,0,1,NA
0,4,61,12,0,0,1,NA
1,NA,37,14,0,1,1,8.827300071716309
1,3,61,12,0,1,0,NA
0,2,38,12,0,0,0,NA
1,1,50,16,0,0,1,7.222300052642822
1,NA,48,12,0,1,1,5.884900093078613
1,11,36,15,0,1,0,NA
1,1,64,20,0,1,1,10.699799537658691
1,NA,37,12,0,0,0,7.222300052642822
0,NA,52,10,0,1,1,3.477400064468384
NA,12,54,12,0,0,0,2.273699998855591
0,1,26,15,0,1,0,1.4711999893188477
1,10,43,12,0,1,1,NA
1,NA,43,12,0,0,0,4.814899921417236
1,8,85,8,0,0,1,NA
0,9,79,8,0,1,0,NA
1,NA,48,16,0,0,0,2.9423999786376953
1,NA,48,8,0,0,0,7.222300052642822
1,NA,53,14,0,1,1,1.738700032234192
1,NA,67,12,0,1,0,2.9423999786376953
1,NA,40,14,0,0,1,5.884900093078613
1,0,75,10,0,1,0,NA
0,NA,25,13,0,0,0,8.827300071716309
0,NA,35,12,0,1,1,7.222300052642822
NA,NA,33,12,0,0,1,3.477400064468384
1,0,62,12,0,0,1,NA
1,NA,70,12,0,1,1,2.273699998855591
1,NA,69,12,0,1,1,NA
1,NA,20,12,0,0,0,4.814899921417236
0,4,44,13,0,1,1,8.827300071716309
0,0,36,14,0,0,0,NA
1,2,66,12,0,1,1,NA
1,0,37,16,0,1,1,10.699799537658691
1,0,44,16,0,0,1,14.879599571228027
1,NA,42,16,0,0,1,14.879599571228027
1,1,51,16,0,0,1,14.879599571228027
1,4,54,20,0,1,1,NA
1,0,52,13,0,1,0,7.222300052642822
1,NA,59,17,0,0,0,14.879599571228027
1,NA,44,18,0,0,1,14.879599571228027
1,NA,44,20,0,1,0,10.699799537658691
1,NA,35,16,0,1,0,5.884900093078613
1,11,47,18,0,1,0,4.814899921417236
1,NA,43,19,0,1,0,10.699799537658691
1,5,34,13,0,1,0,3.477400064468384
1,NA,89,9,0,1,0,2.273699998855591
1,3,54,14,0,1,0,14.879599571228027
1,NA,44,18,0,0,0,7.222300052642822
NA,6,29,15,0,1,0,8.827300071716309
1,2,26,13,0,0,0,2.006200075149536
0,NA,35,12,1,1,0,1.738700032234192
0,8,35,12,0,1,0,2.006200075149536
1,6,26,14,1,0,0,0.9629999995231628
1,NA,36,13,1,1,0,0.9629999995231628
1,NA,31,14,1,1,0,0.8025000095367432
1,NA,45,14,0,0,1,10.699799537658691
1,2,50,14,1,1,1,4.814899921417236
NA,3,69,18,0,1,0,1.738700032234192
1,NA,34,17,0,1,1,7.222300052642822
1,NA,35,12,0,1,0,8.827300071716309
1,NA,61,12,0,1,1,2.5411999225616455
1,NA,36,18,0,1,1,7.222300052642822
0,NA,24,16,0,0,0,10.699799537658691
1,4,28,16,0,0,0,NA
1,1,55,13,0,1,1,10.699799537658691
0,4,28,14,0,0,1,4.814899921417236
NA,NA,33,6,0,0,1,2.9423999786376953
1,NA,59,14,0,1,0,3.477400064468384
NA,NA,29,14,0,1,1,5.884900093078613
NA,NA,41,17,0,0,1,2.5411999225616455
0,0,35,12,0,1,0,2.9423999786376953
NA,NA,38,16,0,0,0,4.814899921417236
1,4,47,20,1,0,1,10.699799537658691
1,2,52,16,0,1,0,3.477400064468384
1,2,62,10,0,1,1,4.012400150299072
NA,5,19,13,0,0,0,4.012400150299072
1,NA,55,17,0,0,1,5.884900093078613
1,NA,52,13,0,1,0,4.814899921417236
0,NA,37,14,0,0,0,4.814899921417236
NA,NA,35,13,1,1,1,7.222300052642822
1,1,61,8,0,0,1,14.879599571228027
0,1,27,16,0,1,1,14.879599571228027
1,0,36,17,0,0,1,14.879599571228027
1,6,34,14,0,1,0,2.006200075149536
0,3,72,5,0,1,0,0.21400000154972076
0,0,35,8,0,1,1,4.012400150299072
0,2,57,13,0,1,0,2.273699998855591
1,NA,79,12,0,0,0,1.4711999893188477
1,0,78,9,0,0,0,2.273699998855591
0,10,44,14,0,1,0,1.2036999464035034
1,NA,35,13,0,0,0,2.5411999225616455
0,NA,45,14,0,1,1,2.273699998855591
1,NA,55,8,0,1,0,2.9423999786376953
1,NA,61,15,0,1,0,14.879599571228027
1,4,37,16,0,0,1,14.879599571228027
1,0,69,17,0,0,1,8.827300071716309
1,0,57,20,0,1,1,14.879599571228027
1,NA,40,16,0,0,1,14.879599571228027
1,1,52,17,0,0,1,7.222300052642822
0,NA,50,12,1,0,0,1.2036999464035034
NA,6,48,15,0,0,1,4.012400150299072
NA,6,29,NA,0,0,1,NA
NA,NA,57,13,0,0,0,2.5411999225616455
1,13,42,16,1,1,1,2.273699998855591
0,7,33,7,0,0,1,2.5411999225616455
1,0,35,15,0,0,0,5.884900093078613
1,NA,29,12,1,0,0,1.738700032234192
1,1,37,11,0,0,0,2.006200075149536
1,NA,29,12,0,1,1,7.222300052642822
1,3,48,12,0,1,1,3.477400064468384
NA,NA,48,16,0,1,0,1.2036999464035034
1,2,49,15,0,0,1,5.884900093078613
0,2,39,13,0,1,0,2.273699998855591
0,4,35,12,0,0,0,1.4711999893188477
1,NA,71,12,0,0,1,2.9423999786376953
NA,2,52,12,0,0,0,2.5411999225616455
NA,NA,33,13,0,0,1,3.477400064468384
1,NA,61,12,0,1,1,8.827300071716309
1,3,51,12,0,0,1,10.699799537658691
0,1,28,11,0,1,0,4.012400150299072
1,NA,55,10,0,0,1,4.814899921417236
0,NA,29,15,0,1,1,NA
NA,NA,19,12,0,1,0,4.814899921417236
1,12,46,12,0,1,0,2.5411999225616455
1,2,77,10,0,1,0,1.4711999893188477
0,3,47,14,0,1,0,4.814899921417236
NA,9,45,14,0,1,0,4.012400150299072
1,NA,50,16,0,1,0,10.699799537658691
0,0,33,12,0,1,1,2.9423999786376953
1,0,44,14,1,1,0,2.9423999786376953
0,8,24,16,0,0,0,1.2036999464035034
1,NA,44,14,1,0,0,4.814899921417236
1,NA,41,12,1,0,0,2.006200075149536
1,6,44,12,1,1,0,NA
0,NA,39,13,1,1,0,0.8025000095367432
0,3,41,11,1,1,0,2.9423999786376953
0,2,32,12,1,0,0,2.5411999225616455
1,NA,65,12,1,0,1,4.814899921417236
1,0,58,13,1,1,0,1.4711999893188477
1,5,22,15,1,0,0,2.273699998855591
0,NA,46,12,1,1,0,2.9423999786376953
1,NA,39,13,1,1,0,0.37450000643730164
1,NA,40,12,1,0,0,NA
0,8,28,13,1,1,0,1.2036999464035034
1,NA,34,12,1,1,0,1.738700032234192
1,1,45,14,1,0,0,0.6955000162124634
1,NA,41,13,1,1,0,2.5411999225616455
1,2,55,14,1,1,1,8.827300071716309
0,2,48,18,1,0,1,8.827300071716309
1,0,53,15,1,1,1,7.222300052642822
1,NA,44,0,1,1,0,0.8025000095367432
0,8,79,11,1,1,0,0.8025000095367432
0,0,39,12,1,1,1,3.477400064468384
1,NA,44,12,0,1,0,2.5411999225616455
NA,6,41,12,0,1,0,0.4814999997615814
NA,NA,65,12,1,1,1,1.4711999893188477
0,NA,25,12,1,1,0,0.4814999997615814
1,NA,60,14,0,1,1,7.222300052642822
1,3,71,12,0,0,1,2.273699998855591
1,NA,38,20,0,0,1,4.814899921417236
1,NA,52,14,0,0,1,7.222300052642822
1,0,77,12,0,1,1,7.222300052642822
1,2,67,17,0,1,0,NA
1,0,53,18,0,1,1,8.827300071716309
1,NA,37,17,0,0,1,14.879599571228027
1,1,71,16,0,1,0,NA
1,NA,47,20,0,1,1,NA
NA,NA,46,8,0,0,1,1.2036999464035034
1,0,37,14,0,1,1,5.884900093078613
1,NA,49,18,0,1,1,8.827300071716309
1,0,52,16,0,1,0,8.827300071716309
NA,NA,27,18,0,0,0,4.814899921417236
0,NA,28,16,0,0,0,2.006200075149536
1,NA,28,16,0,1,1,5.884900093078613
1,NA,48,18,0,1,1,NA
1,NA,51,16,0,0,0,8.827300071716309
1,0,60,16,0,1,1,8.827300071716309
1,NA,55,18,0,1,1,10.699799537658691
0,1,55,15,0,0,1,10.699799537658691
0,0,33,13,0,1,1,7.222300052642822
NA,NA,55,16,0,0,1,2.006200075149536
1,NA,46,14,0,1,1,7.222300052642822
0,NA,35,14,0,0,1,4.814899921417236
1,NA,60,17,0,0,1,10.699799537658691
0,1,45,18,0,0,1,10.699799537658691
1,0,37,17,0,1,1,14.879599571228027
1,0,30,13,0,1,0,2.9423999786376953
1,1,57,13,0,0,1,4.012400150299072
1,NA,34,13,0,1,0,8.827300071716309
1,NA,36,16,0,0,1,8.827300071716309
NA,2,34,8,0,1,1,4.814899921417236
1,NA,46,12,0,1,1,8.827300071716309
1,NA,44,14,0,1,0,8.827300071716309
1,0,44,12,0,0,0,10.699799537658691
1,1,56,12,0,0,1,7.222300052642822
1,1,47,16,0,0,0,5.884900093078613
1,NA,62,14,0,1,0,5.884900093078613
1,0,29,12,1,0,0,2.5411999225616455
1,NA,36,16,0,0,0,5.884900093078613
0,0,49,12,0,0,1,8.827300071716309
1,NA,50,6,1,1,0,1.4711999893188477
0,NA,56,13,0,1,1,7.222300052642822
1,0,58,13,1,1,0,1.4711999893188477
0,2,32,12,0,0,0,2.5411999225616455
1,1,37,14,0,1,1,4.814899921417236
1,NA,39,16,1,0,0,4.814899921417236
1,1,36,18,0,1,1,4.012400150299072
1,NA,38,14,0,0,1,4.814899921417236
1,NA,53,19,0,0,1,14.879599571228027
0,NA,24,11,1,0,0,1.738700032234192
1,NA,23,13,1,0,0,0.05350000038743019
1,NA,70,12,0,1,0,5.884900093078613
1,3,24,14,0,1,0,2.5411999225616455
1,2,42,14,1,1,0,0.4814999997615814
1,3,29,15,0,1,0,3.477400064468384
1,NA,39,12,1,1,0,2.273699998855591
1,NA,39,14,1,1,0,2.5411999225616455
1,1,45,14,0,1,1,5.884900093078613
NA,12,26,16,0,1,1,0.5885000228881836
0,5,43,12,0,1,0,3.477400064468384
0,NA,34,12,0,1,1,2.9423999786376953
1,NA,53,16,0,0,0,5.884900093078613
NA,NA,38,17,0,0,1,10.699799537658691
1,NA,43,18,0,1,1,8.827300071716309
1,0,62,16,0,0,1,14.879599571228027
1,2,77,12,0,0,1,10.699799537658691
0,NA,48,16,0,0,1,10.699799537658691
1,0,51,18,0,0,1,8.827300071716309
1,NA,44,16,0,1,0,2.5411999225616455
1,1,73,16,0,1,0,1.2036999464035034
1,9,45,19,0,0,1,14.879599571228027
1,2,67,20,0,0,1,14.879599571228027
1,0,68,17,0,0,1,10.699799537658691
1,NA,72,19,0,0,1,7.222300052642822
1,NA,62,14,0,1,0,3.477400064468384
1,NA,40,15,0,1,1,7.222300052642822
NA,NA,20,13,0,0,0,7.222300052642822
1,NA,NA,12,0,0,0,1.4711999893188477
1,NA,48,13,0,1,0,4.814899921417236
0,NA,33,16,0,0,0,2.006200075149536
1,NA,40,16,0,1,0,2.5411999225616455
1,6,64,8,0,0,0,4.012400150299072
1,0,28,16,0,0,0,7.222300052642822
NA,NA,33,15,0,0,0,2.273699998855591
0,NA,30,14,0,1,0,2.5411999225616455
NA,6,49,20,0,1,1,2.5411999225616455
NA,NA,42,17,0,0,1,1.4711999893188477
1,3,24,16,0,0,0,1.738700032234192
0,4,22,16,0,1,0,1.738700032234192
1,2,57,16,0,0,0,4.012400150299072
NA,NA,34,15,0,1,1,NA
NA,NA,45,12,0,1,1,1.2036999464035034
NA,4,46,12,1,0,0,0.21400000154972076
1,2,44,13,0,0,0,0.8025000095367432
1,NA,51,20,0,0,1,14.879599571228027
1,NA,25,12,1,1,0,0.5885000228881836
NA,NA,38,14,0,1,0,2.273699998855591
0,0,44,14,0,1,1,8.827300071716309
1,0,41,16,0,0,1,14.879599571228027
1,0,36,12,0,0,1,7.222300052642822
0,1,27,14,0,0,1,7.222300052642822
1,NA,36,14,0,1,1,7.222300052642822
1,NA,37,14,0,0,1,7.222300052642822
1,9,35,12,1,1,1,7.222300052642822
0,NA,41,12,0,0,0,10.699799537658691
0,NA,29,15,0,1,1,10.699799537658691
1,0,40,14,1,1,1,14.879599571228027
NA,3,29,17,0,0,0,1.4711999893188477
1,0,64,20,0,0,1,7.222300052642822
0,NA,55,20,0,0,0,NA
0,1,29,16,0,0,0,14.879599571228027
1,0,43,17,0,0,0,14.879599571228027
1,1,34,20,0,0,0,4.012400150299072
1,NA,54,12,0,1,0,4.012400150299072
0,NA,27,12,0,1,0,8.827300071716309
1,NA,39,11,0,0,0,NA
1,0,25,18,0,1,0,0.6955000162124634
1,NA,24,14,0,0,0,2.5411999225616455
0,NA,66,13,0,0,0,4.814899921417236
NA,NA,20,12,0,0,0,0.9629999995231628
1,2,26,15,0,1,0,2.006200075149536
0,NA,NA,12,0,0,0,7.222300052642822
NA,NA,42,8,0,0,1,2.9423999786376953
NA,NA,40,8,0,1,1,2.273699998855591
0,7,48,13,0,1,0,1.738700032234192
1,2,55,14,0,1,0,2.5411999225616455
0,NA,27,14,0,1,1,2.9423999786376953
1,2,73,14,0,1,0,3.477400064468384
0,5,34,14,0,0,0,1.738700032234192
1,NA,60,12,1,1,0,1.4711999893188477
NA,8,26,9,0,1,1,1.4711999893188477
0,NA,41,12,0,1,1,3.477400064468384
0,NA,26,13,0,0,1,4.814899921417236
0,NA,40,14,0,1,1,4.814899921417236
0,8,25,18,0,1,0,0.21400000154972076
NA,7,41,3,0,1,0,2.5411999225616455
1,6,63,12,1,1,0,0.8025000095367432
0,7,39,10,0,0,1,2.273699998855591
0,NA,60,13,0,1,0,0.9629999995231628
1,2,56,15,1,1,0,4.012400150299072
1,1,73,7,0,1,0,0.21400000154972076
1,NA,25,17,0,1,0,3.477400064468384
0,3,21,12,0,0,0,8.827300071716309
0,8,43,12,0,0,0,2.9423999786376953
NA,NA,19,12,0,1,0,0.9629999995231628
NA,NA,35,14,0,1,1,7.222300052642822
1,NA,51,16,0,1,0,7.222300052642822
0,0,42,16,0,0,1,4.012400150299072
NA,6,28,14,1,1,0,2.9423999786376953
1,1,50,16,0,0,1,8.827300071716309
0,4,NA,17,0,0,1,NA
1,NA,67,13,0,1,0,1.2036999464035034
0,NA,40,19,0,0,0,7.222300052642822
0,1,32,12,0,0,0,4.814899921417236
0,2,23,16,0,1,0,0.8025000095367432
1,NA,42,14,0,0,1,10.699799537658691
1,NA,23,12,0,0,0,4.814899921417236
1,NA,36,14,0,1,1,14.879599571228027
NA,6,40,12,0,0,0,2.5411999225616455
0,9,29,14,0,0,0,1.738700032234192
1,6,40,12,0,1,0,2.273699998855591
1,NA,70,12,0,1,0,1.738700032234192
NA,2,24,9,1,0,0,1.2036999464035034
NA,NA,41,14,0,1,0,2.5411999225616455
1,NA,62,16,0,1,0,5.884900093078613
1,0,58,16,0,1,0,7.222300052642822
1,NA,85,15,0,1,0,NA
0,7,27,17,0,0,0,0.9629999995231628
1,NA,71,18,0,0,0,2.9423999786376953
1,0,47,18,0,1,0,4.814899921417236
1,2,31,16,0,1,1,8.827300071716309
1,NA,34,16,0,1,1,NA
1,NA,46,16,1,1,1,8.827300071716309
1,NA,51,18,0,0,1,4.814899921417236
1,NA,28,16,0,1,0,3.477400064468384
1,2,55,18,0,1,0,10.699799537658691
1,NA,32,13,1,1,0,NA
1,1,68,16,0,0,0,3.477400064468384
1,NA,30,18,0,0,0,0.4814999997615814
0,NA,45,5,1,1,0,NA
0,NA,28,12,1,1,0,1.4711999893188477
0,4,44,2,1,0,1,0.21400000154972076
0,NA,37,15,1,0,0,2.006200075149536
0,4,28,5,1,1,1,2.9423999786376953
0,3,44,16,0,1,1,1.738700032234192
0,1,30,14,1,1,1,4.814899921417236
1,NA,89,13,0,1,0,5.884900093078613
1,2,72,19,0,1,1,8.827300071716309
1,NA,63,11,0,0,0,4.814899921417236
1,4,57,20,0,0,1,NA
NA,0,31,16,0,1,1,14.879599571228027
1,NA,28,18,0,1,0,14.879599571228027
1,NA,70,16,0,1,0,14.879599571228027
NA,NA,31,17,0,0,0,NA
0,8,60,10,1,1,0,0.9629999995231628
1,NA,53,12,1,1,0,NA
1,0,79,9,1,0,0,1.2036999464035034
0,4,80,12,0,1,0,0.8025000095367432
1,NA,34,14,1,1,0,1.2036999464035034
0,1,85,9,0,1,0,0.8025000095367432
0,1,58,12,1,1,0,0.9629999995231628
1,0,69,4,0,1,0,NA
1,NA,39,11,0,1,0,3.477400064468384
1,0,29,8,0,0,1,1.4711999893188477
0,0,22,12,0,0,0,NA
0,0,36,14,0,1,0,1.2036999464035034
NA,0,29,12,0,1,1,3.477400064468384
NA,NA,26,8,0,0,0,NA
1,NA,73,3,0,1,0,0.9629999995231628
0,NA,89,8,0,1,0,NA
1,0,36,14,0,0,1,5.884900093078613
0,0,35,13,0,1,1,NA
NA,NA,36,16,0,0,1,NA
1,NA,70,3,0,0,1,1.2036999464035034
1,0,22,15,0,1,0,4.012400150299072
0,NA,32,13,0,1,1,2.9423999786376953
NA,0,31,12,0,1,1,NA
1,NA,34,16,0,1,0,NA
1,3,28,16,0,0,0,0.6955000162124634
0,NA,52,16,0,1,0,NA
1,0,28,18,0,1,0,2.5411999225616455
0,NA,25,14,0,1,0,NA
1,NA,40,18,0,1,1,7.222300052642822
0,1,30,16,0,1,1,NA
0,NA,26,16,0,0,0,7.222300052642822
1,NA,34,16,0,0,0,4.012400150299072
1,2,80,14,0,1,0,NA
1,NA,65,12,0,0,1,5.884900093078613
0,NA,32,16,0,0,1,NA
0,NA,54,12,0,0,0,NA
1,0,38,12,0,1,0,5.884900093078613
NA,4,20,13,0,1,1,NA
1,0,29,13,0,1,0,8.827300071716309
NA,0,55,12,0,0,0,1.738700032234192
0,NA,30,12,0,1,1,2.273699998855591
0,2,55,12,0,1,0,NA
0,11,27,12,0,1,0,2.273699998855591
1,NA,37,13,1,1,0,1.2036999464035034
1,9,25,8,1,1,0,0.05350000038743019
0,0,25,10,1,0,0,1.4711999893188477
1,NA,29,10,0,0,1,1.4711999893188477
NA,14,32,11,1,1,0,0.8025000095367432
0,7,37,16,1,1,0,10.699799537658691
1,NA,53,11,0,1,0,2.273699998855591
1,NA,82,17,0,0,0,1.2036999464035034
1,0,67,12,0,1,0,NA
1,1,62,11,0,1,1,1.738700032234192
1,NA,64,16,0,0,1,4.814899921417236
1,NA,55,12,0,1,1,7.222300052642822
0,1,40,12,0,0,0,0.8025000095367432
1,NA,36,19,0,1,1,14.879599571228027
1,0,46,16,0,0,1,NA
1,2,51,17,0,1,0,7.222300052642822
0,NA,35,16,0,1,1,8.827300071716309
1,0,60,12,0,0,1,4.012400150299072
NA,NA,19,12,0,1,0,14.879599571228027
0,NA,30,16,0,1,1,0.21400000154972076
1,2,25,16,0,1,0,4.814899921417236
1,0,36,15,0,0,0,5.884900093078613
1,1,68,12,0,1,0,NA
0,2,41,4,0,0,0,0.21400000154972076
0,NA,30,14,0,1,0,2.9423999786376953
0,7,28,12,0,0,0,2.5411999225616455
0,6,32,11,0,1,0,0.9629999995231628
1,5,22,12,0,0,0,1.2036999464035034
1,NA,30,16,0,1,1,7.222300052642822
1,10,25,12,0,1,0,2.5411999225616455
1,NA,38,12,0,0,1,7.222300052642822
1,0,53,7,0,1,1,4.814899921417236
0,6,36,12,1,0,0,1.4711999893188477
0,NA,35,12,1,1,0,2.9423999786376953
NA,NA,19,12,1,0,0,7.222300052642822
0,NA,30,12,1,1,0,0.5885000228881836
0,5,48,12,1,0,1,4.814899921417236
0,2,37,14,0,1,1,5.884900093078613
1,NA,44,12,1,1,0,4.814899921417236
0,5,34,12,1,1,1,5.884900093078613
0,NA,31,10,1,1,1,1.738700032234192
1,NA,60,14,1,1,1,3.477400064468384
1,2,39,12,1,1,0,2.9423999786376953
1,0,36,13,0,0,0,4.814899921417236
0,NA,88,12,0,1,0,2.006200075149536
NA,3,52,17,0,1,0,5.884900093078613
0,NA,25,14,0,0,0,0.05350000038743019
0,NA,37,15,1,0,0,2.273699998855591
NA,0,36,12,0,1,1,7.222300052642822
1,NA,55,15,0,1,0,10.699799537658691
1,2,44,16,0,1,1,10.699799537658691
1,NA,33,16,0,0,1,NA
1,NA,30,16,0,1,0,2.5411999225616455
1,NA,57,13,0,0,1,7.222300052642822
1,0,45,12,0,1,1,4.814899921417236
0,2,40,14,0,0,1,8.827300071716309
1,NA,60,14,0,1,1,7.222300052642822
0,2,29,12,1,0,0,2.9423999786376953
1,0,47,16,0,1,1,14.879599571228027
1,0,50,NA,0,0,1,10.699799537658691
0,NA,31,12,0,0,1,5.884900093078613
1,NA,34,15,0,0,1,8.827300071716309
1,NA,45,12,0,0,1,4.814899921417236
1,NA,81,12,1,1,0,1.738700032234192
1,6,55,12,1,0,1,NA
1,NA,51,12,0,0,0,0.05350000038743019
0,6,24,11,1,1,0,0.05350000038743019
1,NA,21,13,0,1,0,4.814899921417236
1,1,51,14,1,1,1,10.699799537658691
1,3,32,12,1,0,1,2.9423999786376953
1,0,44,12,0,1,1,2.9423999786376953
0,NA,27,12,0,0,0,3.477400064468384
1,NA,76,16,0,1,0,NA
0,2,64,12,0,1,1,NA
0,0,43,12,0,1,1,3.477400064468384
0,NA,34,12,0,1,1,5.884900093078613
1,NA,33,13,0,1,1,14.879599571228027
1,NA,45,16,0,0,0,2.5411999225616455
1,NA,80,12,0,0,1,4.012400150299072
1,NA,83,12,0,0,1,4.012400150299072
1,NA,68,16,0,0,1,5.884900093078613
1,0,53,16,0,0,1,14.879599571228027
1,3,52,16,0,0,1,10.699799537658691
1,0,73,12,0,0,0,5.884900093078613
1,2,35,12,0,0,0,7.222300052642822
1,2,25,15,0,0,0,7.222300052642822
0,NA,34,16,0,1,1,14.879599571228027
0,NA,49,12,0,0,1,4.814899921417236
0,4,44,17,0,1,1,10.699799537658691
1,NA,60,16,0,1,1,7.222300052642822
1,0,34,16,0,0,0,8.827300071716309
1,1,56,12,0,1,1,10.699799537658691
1,NA,36,18,0,0,1,14.879599571228027
NA,3,68,12,0,1,0,3.477400064468384
1,NA,55,13,0,1,0,2.9423999786376953
0,NA,26,10,1,1,0,0.9629999995231628
NA,NA,19,12,0,1,0,1.738700032234192
0,10,25,11,1,0,0,0.21400000154972076
0,NA,28,12,1,1,0,0.21400000154972076
1,0,89,8,0,1,0,0.37450000643730164
0,0,85,10,0,1,0,0.9629999995231628
NA,NA,36,12,0,1,0,NA
0,NA,53,7,0,1,1,2.273699998855591
NA,NA,42,12,1,1,1,4.012400150299072
1,2,65,15,0,0,1,4.012400150299072
1,2,57,12,0,1,1,NA
1,0,75,12,0,0,1,4.012400150299072
0,NA,55,12,1,1,1,7.222300052642822
1,1,39,16,0,1,1,7.222300052642822
1,NA,39,10,0,1,1,3.477400064468384
NA,NA,78,12,0,1,0,NA
1,NA,27,12,0,1,0,2.006200075149536
1,4,72,10,0,1,1,5.884900093078613
0,0,35,12,0,1,0,0.9629999995231628
1,0,48,12,0,1,0,4.012400150299072
1,11,40,16,0,0,0,2.9423999786376953
0,9,29,12,0,1,0,1.4711999893188477
1,NA,89,13,0,1,0,NA
0,5,39,12,0,1,1,4.814899921417236
NA,NA,22,15,0,0,0,0.9629999995231628
NA,1,21,12,0,1,0,1.4711999893188477
0,2,44,13,0,1,0,2.273699998855591
1,16,43,NA,0,1,1,4.012400150299072
1,NA,24,17,0,0,1,2.273699998855591
1,4,45,12,0,0,1,3.477400064468384
1,NA,27,17,0,1,1,5.884900093078613
0,NA,26,12,0,1,0,1.738700032234192
0,4,35,10,0,0,1,3.477400064468384
0,0,53,16,0,1,1,5.884900093078613
1,1,34,13,0,0,1,7.222300052642822
1,0,40,12,0,1,1,3.477400064468384
1,NA,54,13,0,1,1,4.814899921417236
NA,NA,62,12,0,0,1,4.012400150299072
1,NA,62,8,0,0,1,1.2036999464035034
0,NA,45,12,0,0,0,3.477400064468384
1,0,51,14,0,0,1,7.222300052642822
1,NA,49,12,1,1,0,2.273699998855591
1,NA,37,12,0,1,0,2.5411999225616455
0,8,42,12,0,1,1,1.4711999893188477
1,NA,49,12,0,1,0,4.814899921417236
1,NA,40,16,0,0,1,5.884900093078613
0,2,25,12,0,1,1,4.814899921417236
1,5,31,19,0,1,1,3.477400064468384
0,NA,50,14,0,1,1,3.477400064468384
1,1,61,14,0,0,1,8.827300071716309
1,NA,46,17,1,1,0,4.814899921417236
1,2,73,12,0,1,0,1.2036999464035034
NA,3,56,12,0,1,1,2.006200075149536
1,NA,57,11,1,1,0,2.9423999786376953
1,NA,51,18,0,1,1,4.814899921417236
1,1,28,16,0,0,1,4.814899921417236
1,9,44,12,0,1,1,10.699799537658691
1,NA,85,12,0,1,0,2.9423999786376953
1,1,63,19,0,1,1,4.012400150299072
1,1,49,16,0,0,1,4.814899921417236
1,NA,39,12,0,0,1,4.814899921417236
1,6,54,17,0,1,1,4.012400150299072
1,4,72,16,0,1,1,4.012400150299072
NA,NA,45,13,0,0,1,4.814899921417236
1,NA,68,9,0,1,1,3.477400064468384
NA,NA,20,12,0,0,0,8.827300071716309
1,8,26,15,0,0,0,2.9423999786376953
0,7,56,12,0,1,0,1.2036999464035034
1,1,58,12,0,1,0,4.814899921417236
1,NA,53,16,0,1,1,5.884900093078613
1,0,66,12,0,1,0,0.9629999995231628
1,6,77,12,0,0,1,1.738700032234192
1,NA,23,16,0,1,0,8.827300071716309
1,0,47,20,0,1,1,10.699799537658691
1,3,47,12,0,1,0,7.222300052642822
1,1,54,17,0,0,1,10.699799537658691
1,NA,55,16,0,0,1,14.879599571228027
1,NA,34,16,0,1,0,1.738700032234192
1,3,40,16,0,1,1,NA
1,NA,53,17,0,1,1,5.884900093078613
1,2,31,19,0,1,0,4.012400150299072
1,3,56,12,0,0,1,4.814899921417236
1,NA,38,15,0,1,0,2.006200075149536
1,0,66,12,0,1,0,2.9423999786376953
1,2,31,18,0,0,1,7.222300052642822
1,NA,82,8,0,0,0,2.9423999786376953
1,NA,36,16,0,1,1,5.884900093078613
0,2,85,8,0,1,0,0.8025000095367432
1,NA,58,12,0,1,0,3.477400064468384
0,7,70,10,0,1,1,NA
1,NA,41,12,0,0,1,7.222300052642822
1,NA,87,12,0,1,0,0.9629999995231628
1,4,76,8,0,0,1,1.738700032234192
1,NA,61,11,0,1,0,0.6955000162124634
1,NA,67,12,0,1,0,2.9423999786376953
1,NA,57,12,0,1,1,2.5411999225616455
1,3,25,12,0,1,1,2.006200075149536
1,NA,49,11,0,0,1,7.222300052642822
1,2,35,12,0,1,1,4.012400150299072
0,NA,64,8,0,0,1,2.273699998855591
0,2,37,15,0,0,1,7.222300052642822
1,NA,44,20,0,0,1,14.879599571228027
1,NA,56,16,0,1,1,14.879599571228027
1,NA,40,16,0,0,1,7.222300052642822
1,NA,33,16,0,1,1,8.827300071716309
1,16,33,17,0,1,1,4.814899921417236
1,0,59,12,0,0,1,10.699799537658691
1,1,47,16,0,1,1,14.879599571228027
1,0,40,16,0,0,1,14.879599571228027
1,2,52,18,0,1,1,5.884900093078613
1,1,40,17,0,0,1,8.827300071716309
NA,NA,55,16,0,0,0,NA
1,NA,69,12,0,1,0,2.5411999225616455
1,1,75,12,0,1,1,2.9423999786376953
0,NA,23,16,0,0,1,1.4711999893188477
1,4,23,17,0,1,1,3.477400064468384
1,NA,25,17,0,1,0,0.5885000228881836
1,NA,75,14,0,1,0,1.4711999893188477
1,4,57,13,0,1,0,1.2036999464035034
1,1,28,16,0,0,0,2.5411999225616455
0,5,20,13,0,1,0,NA
1,0,27,16,0,0,1,4.814899921417236
0,NA,37,14,0,1,0,2.273699998855591
1,NA,32,19,0,0,0,4.012400150299072
1,1,56,12,0,1,1,4.012400150299072
1,1,56,12,0,1,1,3.477400064468384
1,NA,87,12,0,1,0,1.738700032234192
1,NA,60,11,0,0,0,7.222300052642822
1,2,87,12,0,1,0,1.2036999464035034
1,NA,40,16,0,1,0,2.5411999225616455
1,0,60,19,0,0,0,8.827300071716309
1,NA,34,16,0,0,1,7.222300052642822
1,NA,38,14,0,0,1,5.884900093078613
1,6,54,12,0,0,1,5.884900093078613
1,NA,33,11,0,0,1,4.814899921417236
1,5,32,12,0,0,0,2.273699998855591
1,NA,36,11,0,0,1,3.477400064468384
1,3,25,16,0,1,0,4.012400150299072
1,0,27,14,0,1,1,NA
1,NA,70,9,0,0,0,1.4711999893188477
1,NA,51,16,0,1,1,7.222300052642822
0,4,26,14,0,0,0,0.05350000038743019
1,0,29,12,0,0,0,2.9423999786376953
1,0,46,12,0,0,0,3.477400064468384
1,0,34,12,0,0,1,NA
1,0,72,12,0,0,1,2.9423999786376953
1,NA,71,10,0,1,0,0.05350000038743019
0,0,81,9,0,1,0,0.5885000228881836
NA,0,80,8,0,0,0,1.2036999464035034
0,NA,72,5,0,0,0,0.5885000228881836
NA,NA,55,5,0,1,0,NA
NA,1,81,8,0,1,0,NA
0,NA,61,16,0,1,1,4.814899921417236
0,6,29,12,0,1,0,2.006200075149536
1,NA,20,13,0,1,0,1.4711999893188477
1,2,21,13,0,0,0,2.9423999786376953
1,NA,73,14,0,1,0,2.006200075149536
1,NA,72,9,0,1,1,NA
1,NA,22,14,0,0,0,4.814899921417236
1,0,47,15,0,0,1,NA
NA,0,69,12,0,1,0,NA
1,0,46,15,0,1,0,2.5411999225616455
0,NA,68,8,1,1,1,2.9423999786376953
0,NA,24,12,0,0,0,0.4814999997615814
1,4,68,12,1,0,1,2.9423999786376953
0,5,36,9,0,1,0,2.9423999786376953
NA,NA,39,8,0,0,1,3.477400064468384
0,0,27,14,0,0,0,5.884900093078613
0,NA,28,9,0,0,1,3.477400064468384
0,NA,32,10,0,1,0,0.5885000228881836
0,10,22,11,0,1,0,1.738700032234192
1,6,87,16,0,1,0,NA
1,NA,52,17,0,1,0,5.884900093078613
1,3,73,13,0,1,1,4.012400150299072
1,NA,41,19,0,0,1,10.699799537658691
1,2,30,16,0,1,1,8.827300071716309
1,NA,70,15,0,1,1,10.699799537658691
1,0,72,16,0,1,1,10.699799537658691
1,8,83,16,0,1,0,0.05350000038743019
NA,1,34,12,0,1,0,4.012400150299072
1,NA,39,20,0,0,1,14.879599571228027
1,NA,58,17,0,1,1,14.879599571228027
1,7,45,12,0,0,1,4.012400150299072
1,2,72,19,0,1,0,5.884900093078613
1,NA,61,13,0,1,1,14.879599571228027
1,3,54,18,0,1,1,10.699799537658691
1,NA,65,13,0,1,0,2.273699998855591
1,NA,39,20,0,0,1,14.879599571228027
1,1,73,18,0,0,1,NA
1,NA,70,13,0,1,0,NA
1,NA,79,16,0,0,0,4.814899921417236
0,NA,74,10,0,0,1,4.012400150299072
1,NA,38,18,0,1,1,10.699799537658691
1,NA,79,20,0,0,0,NA
1,1,56,16,0,0,1,14.879599571228027
1,1,71,14,0,0,1,14.879599571228027
1,NA,84,14,0,0,1,NA
1,2,51,13,0,1,0,1.2036999464035034
1,7,57,12,0,1,0,0.05350000038743019
1,NA,73,12,0,1,0,10.699799537658691
1,1,43,20,0,0,1,10.699799537658691
1,1,53,17,0,1,1,4.814899921417236
1,0,87,12,0,1,0,NA
1,NA,39,16,0,1,1,14.879599571228027
1,0,25,13,0,0,0,7.222300052642822
1,NA,78,12,0,1,1,4.814899921417236
0,NA,75,12,1,1,0,1.2036999464035034
0,0,53,12,0,0,0,2.9423999786376953
1,16,52,11,1,0,1,1.4711999893188477
1,NA,30,14,0,0,0,4.012400150299072
1,2,32,13,1,1,0,2.9423999786376953
1,1,47,6,0,1,1,NA
0,NA,26,12,1,0,0,1.738700032234192
1,NA,22,14,0,1,0,2.273699998855591
1,NA,37,16,0,1,1,10.699799537658691
1,1,37,14,0,1,0,1.2036999464035034
0,2,25,11,0,1,0,0.21400000154972076
NA,3,20,8,0,1,0,0.4814999997615814
1,0,69,8,0,1,0,1.4711999893188477
1,NA,80,9,0,1,0,0.9629999995231628
0,5,86,12,0,1,0,0.6955000162124634
1,NA,82,9,0,1,0,0.9629999995231628
1,8,73,8,0,1,1,1.4711999893188477
0,NA,74,12,0,1,0,0.8025000095367432
1,NA,54,8,0,0,1,1.738700032234192
1,2,61,11,0,0,1,0.6955000162124634
1,2,51,18,0,1,1,NA
0,1,45,17,0,0,1,7.222300052642822
NA,NA,43,16,0,1,1,4.012400150299072
NA,1,52,17,0,0,0,8.827300071716309
1,NA,67,13,0,1,1,10.699799537658691
1,1,49,12,0,1,1,NA
NA,NA,19,12,0,1,0,NA
1,NA,51,12,0,1,1,4.814899921417236
1,2,62,12,0,0,1,5.884900093078613
1,NA,35,18,0,1,0,4.012400150299072
1,NA,75,8,1,0,0,2.273699998855591
NA,NA,19,11,0,0,0,NA
1,2,34,14,0,0,1,7.222300052642822
0,2,33,11,0,0,0,7.222300052642822
1,7,75,13,0,1,0,2.006200075149536
0,0,30,16,0,1,1,3.477400064468384
0,NA,53,14,0,1,1,8.827300071716309
0,NA,23,12,1,0,0,1.738700032234192
1,NA,47,12,0,0,1,4.012400150299072
NA,5,19,13,1,1,0,1.738700032234192
0,NA,76,11,0,1,0,2.006200075149536
1,NA,67,12,0,1,1,3.477400064468384
0,0,42,9,0,1,1,5.884900093078613
0,7,28,14,0,1,0,0.37450000643730164
0,0,36,12,1,1,0,0.5885000228881836
NA,NA,29,12,1,0,0,1.738700032234192
NA,7,19,10,1,1,0,0.05350000038743019
1,NA,62,9,1,1,0,NA
0,1,24,9,1,1,0,0.05350000038743019
1,5,28,13,1,1,0,0.5885000228881836
0,NA,47,12,0,0,0,7.222300052642822
1,NA,40,3,0,0,1,0.37450000643730164
1,NA,48,14,0,0,0,5.884900093078613
0,1,71,13,0,1,1,2.273699998855591
1,8,47,3,0,0,1,0.05350000038743019
1,3,42,12,0,0,0,2.9423999786376953
0,5,30,12,0,0,1,1.2036999464035034
1,NA,55,12,0,0,1,7.222300052642822
0,NA,33,11,0,0,0,NA
0,1,35,13,1,0,0,4.814899921417236
0,5,31,13,1,0,1,4.814899921417236
1,NA,50,11,0,0,0,4.814899921417236
0,7,71,4,0,1,1,3.477400064468384
1,1,28,14,0,0,0,4.012400150299072
1,NA,66,12,0,1,0,1.4711999893188477
0,15,80,12,0,1,0,1.2036999464035034
1,NA,45,16,0,0,0,3.477400064468384
1,NA,39,12,0,1,1,7.222300052642822
0,5,73,11,0,1,1,2.006200075149536
0,1,35,11,0,0,1,7.222300052642822
0,NA,62,9,0,1,0,2.006200075149536
0,NA,41,10,0,1,1,5.884900093078613
1,3,60,12,0,1,0,4.814899921417236
0,2,51,12,0,0,0,0.9629999995231628
1,NA,71,9,0,1,1,NA
0,0,46,18,0,1,1,10.699799537658691
NA,6,19,10,0,1,0,0.05350000038743019
1,NA,43,14,0,0,0,0.6955000162124634
1,3,28,12,0,1,1,2.9423999786376953
1,NA,65,14,0,0,1,5.884900093078613
1,2,33,14,0,0,0,5.884900093078613
1,NA,26,16,0,1,0,10.699799537658691
1,0,34,16,0,1,1,8.827300071716309
1,NA,38,16,0,1,0,4.012400150299072
1,2,21,14,0,0,1,2.273699998855591
1,NA,61,14,0,1,0,3.477400064468384
1,2,30,17,0,0,0,2.9423999786376953
1,2,37,14,0,1,0,2.9423999786376953
1,2,37,13,0,1,1,8.827300071716309
1,NA,79,12,0,1,1,2.9423999786376953
1,NA,32,15,0,1,0,1.738700032234192
1,NA,34,15,0,1,0,2.273699998855591
1,1,30,20,0,0,1,4.012400150299072
NA,NA,19,12,0,1,0,7.222300052642822
1,1,46,16,0,1,1,14.879599571228027
0,0,48,20,0,1,0,10.699799537658691
0,NA,31,20,0,0,0,7.222300052642822
NA,NA,67,12,0,1,0,1.4711999893188477
0,NA,27,12,0,1,1,1.738700032234192
1,NA,44,14,0,0,0,4.814899921417236
1,NA,51,18,0,1,1,5.884900093078613
0,4,30,12,0,1,0,2.9423999786376953
1,2,45,18,0,1,0,5.884900093078613
1,1,32,15,0,0,0,1.2036999464035034
1,0,67,19,0,1,0,2.9423999786376953
1,NA,63,16,0,1,0,2.9423999786376953
1,0,69,12,0,0,1,4.814899921417236
1,NA,31,20,0,1,1,7.222300052642822
1,0,36,16,0,0,0,2.9423999786376953
1,2,20,13,0,1,0,1.4711999893188477
1,1,39,14,0,0,1,5.884900093078613
1,NA,36,16,0,1,1,4.814899921417236
NA,NA,22,15,0,0,0,10.699799537658691
1,1,31,16,0,1,1,3.477400064468384
1,NA,35,14,0,1,1,10.699799537658691
1,3,47,15,0,0,1,7.222300052642822
1,NA,46,16,0,1,1,7.222300052642822
1,NA,40,20,0,1,1,14.879599571228027
1,0,63,12,0,0,1,8.827300071716309
1,NA,73,12,0,1,0,NA
0,NA,82,12,0,1,0,2.273699998855591
1,NA,63,12,0,1,1,0.21400000154972076
1,NA,41,16,0,0,1,7.222300052642822
1,0,67,12,0,1,0,1.2036999464035034
1,0,41,12,0,0,1,4.814899921417236
1,0,67,12,0,1,1,NA
1,NA,30,12,0,0,1,2.273699998855591
1,NA,29,13,1,0,0,0.4814999997615814
0,3,24,16,0,0,0,0.05350000038743019
1,13,40,16,0,1,0,0.6955000162124634
0,NA,23,16,0,1,0,1.2036999464035034
0,12,29,11,0,0,1,1.738700032234192
1,1,37,13,0,0,1,2.9423999786376953
0,NA,26,15,0,1,0,3.477400064468384
1,0,69,12,0,0,1,1.738700032234192
0,1,28,13,0,1,1,4.814899921417236
1,NA,75,8,0,1,0,NA
1,0,34,16,0,1,1,3.477400064468384
1,1,21,12,0,0,0,10.699799537658691
1,NA,63,14,0,1,1,2.9423999786376953
1,NA,63,18,0,1,1,7.222300052642822
1,1,58,12,0,1,0,2.273699998855591
1,3,78,15,0,1,1,NA
1,2,52,13,0,0,1,4.814899921417236
0,0,80,12,0,1,1,NA
1,NA,33,12,0,0,1,4.012400150299072
1,NA,39,15,0,1,1,8.827300071716309
1,4,35,12,0,0,0,3.477400064468384
0,NA,28,12,0,0,0,NA
1,NA,36,14,0,1,0,0.4814999997615814
1,NA,56,18,0,1,1,10.699799537658691
0,NA,22,14,0,1,0,10.699799537658691
1,1,72,12,0,0,0,2.273699998855591
1,2,74,12,0,1,0,NA
1,NA,45,15,0,1,1,8.827300071716309
1,2,33,12,0,1,1,3.477400064468384
1,NA,32,12,0,1,1,4.814899921417236
1,NA,49,12,0,1,0,1.738700032234192
1,4,47,17,0,1,0,4.814899921417236
1,9,51,12,0,1,1,NA
1,NA,45,12,0,1,1,5.884900093078613
1,2,55,18,0,0,1,5.884900093078613
1,NA,82,16,0,1,0,NA
1,NA,42,14,0,0,0,0.5885000228881836
1,4,27,16,0,0,0,2.5411999225616455
0,NA,20,12,0,1,0,1.738700032234192
1,1,33,14,0,1,0,8.827300071716309
0,8,63,11,0,0,1,NA
NA,NA,19,11,0,1,0,0.21400000154972076
1,11,45,11,0,0,0,1.2036999464035034
1,NA,43,12,0,1,0,4.814899921417236
1,NA,67,14,0,1,0,NA
0,NA,45,16,0,1,1,7.222300052642822
0,NA,34,12,0,0,0,4.814899921417236
0,7,37,11,0,0,1,3.477400064468384
1,NA,32,14,0,1,0,0.37450000643730164
0,NA,37,12,0,1,1,4.814899921417236
1,3,49,16,0,1,1,2.273699998855591
0,NA,39,12,0,1,1,1.738700032234192
0,2,51,12,0,1,0,5.884900093078613
1,8,33,15,0,1,0,0.9629999995231628
1,NA,64,8,0,1,1,1.4711999893188477
1,6,36,11,0,0,0,0.4814999997615814
0,NA,34,12,0,1,0,2.9423999786376953
0,4,87,12,0,1,0,3.477400064468384
NA,7,19,8,0,1,0,NA
1,NA,39,16,1,1,1,5.884900093078613
1,3,50,10,0,1,1,5.884900093078613
0,5,40,13,0,0,0,3.477400064468384
1,NA,51,20,0,1,0,2.9423999786376953
0,0,36,13,0,1,0,0.9629999995231628
1,NA,23,13,0,0,0,5.884900093078613
0,NA,21,12,0,1,0,3.477400064468384
NA,NA,36,12,1,0,1,2.5411999225616455
0,NA,23,13,0,0,1,2.006200075149536
0,NA,28,12,1,1,1,2.273699998855591
NA,4,18,12,0,1,0,NA
1,NA,51,16,0,1,1,8.827300071716309
1,2,43,16,0,0,1,8.827300071716309
NA,9,20,12,0,1,0,0.4814999997615814
1,NA,65,12,0,1,0,0.9629999995231628
0,NA,56,10,0,1,1,4.012400150299072
1,1,34,16,0,1,1,7.222300052642822
NA,6,18,11,0,0,0,NA
1,NA,86,14,0,0,0,NA
0,8,21,12,0,1,0,1.2036999464035034
0,6,63,13,0,1,0,0.9629999995231628
1,NA,40,12,0,0,1,3.477400064468384
1,0,65,13,0,0,1,7.222300052642822
1,9,50,12,0,1,1,2.9423999786376953
1,1,38,19,0,0,1,14.879599571228027
0,1,85,14,0,0,1,2.9423999786376953
1,7,23,13,0,1,0,4.012400150299072
0,NA,41,16,0,0,0,2.5411999225616455
0,4,47,12,0,0,1,3.477400064468384
1,1,40,16,0,1,1,5.884900093078613
0,NA,33,16,0,1,0,2.273699998855591
1,NA,45,12,1,0,0,0.05350000038743019
1,0,75,15,0,1,0,1.4711999893188477
1,NA,32,20,0,1,1,NA
1,0,61,14,0,0,1,4.814899921417236
0,NA,44,6,0,0,1,2.5411999225616455
1,NA,36,16,0,0,0,2.5411999225616455
0,NA,33,12,0,0,0,5.884900093078613
1,4,30,16,0,0,0,3.477400064468384
1,3,24,14,0,1,0,2.5411999225616455
0,NA,87,13,0,0,0,0.21400000154972076
1,NA,62,12,0,0,1,7.222300052642822
0,NA,20,11,0,1,0,2.5411999225616455
1,NA,27,16,0,0,0,2.273699998855591
0,4,41,17,0,1,1,8.827300071716309
0,7,24,12,0,0,0,2.273699998855591
1,NA,47,12,0,0,1,7.222300052642822
1,NA,89,12,0,1,0,NA
1,4,49,12,0,0,1,7.222300052642822
1,1,24,12,0,1,0,4.012400150299072
0,NA,20,12,0,0,0,3.477400064468384
0,NA,41,13,0,0,0,3.477400064468384
NA,1,19,13,0,0,0,4.814899921417236
1,1,66,9,0,1,1,NA
1,NA,42,12,0,1,1,NA
1,NA,34,12,0,1,1,1.4711999893188477
0,0,42,12,0,0,1,3.477400064468384
1,NA,34,16,0,0,0,2.9423999786376953
1,NA,68,8,0,1,1,NA
0,NA,63,9,0,0,1,4.814899921417236
0,1,60,12,0,1,1,7.222300052642822
1,NA,32,16,0,0,1,5.884900093078613
1,0,77,10,0,1,0,NA
1,1,25,13,0,1,1,5.884900093078613
0,3,39,11,0,0,0,4.012400150299072
0,NA,27,10,0,1,0,2.006200075149536
0,NA,39,12,0,1,1,2.273699998855591
0,2,57,10,0,1,1,NA
1,2,35,18,1,1,0,3.477400064468384
0,8,24,11,0,1,0,NA
1,NA,51,12,1,0,1,2.273699998855591
0,8,41,10,0,1,0,2.9423999786376953
1,NA,24,12,1,1,1,2.273699998855591
1,NA,40,16,0,0,1,5.884900093078613
1,2,64,12,0,0,1,5.884900093078613
1,NA,49,12,0,0,1,7.222300052642822
NA,NA,49,13,0,0,1,10.699799537658691
1,NA,68,14,0,1,1,3.477400064468384
1,0,55,16,0,1,0,4.012400150299072
1,1,53,14,0,0,1,10.699799537658691
1,0,62,14,0,0,0,1.2036999464035034
1,NA,84,12,0,1,0,1.4711999893188477
0,0,32,14,0,0,0,2.5411999225616455
1,1,81,10,0,1,0,1.4711999893188477
1,NA,23,16,0,0,0,2.9423999786376953
0,NA,31,12,0,1,1,1.4711999893188477
1,NA,73,9,0,1,0,0.6955000162124634
0,4,30,12,0,0,0,3.477400064468384
0,3,40,11,0,0,1,NA
1,0,63,14,0,1,1,NA
1,0,68,16,0,0,1,1.738700032234192
1,NA,43,18,0,1,0,NA
1,2,28,12,0,1,1,3.477400064468384
1,NA,34,12,0,1,1,2.9423999786376953
1,NA,72,12,0,1,1,3.477400064468384
1,2,67,15,0,0,1,0.9629999995231628
NA,NA,66,10,0,1,1,4.012400150299072
NA,NA,40,14,0,1,1,5.884900093078613
1,0,70,13,0,0,1,2.9423999786376953
0,0,39,15,0,0,0,2.273699998855591
1,2,84,15,0,1,1,2.9423999786376953
1,0,75,12,0,0,1,4.012400150299072
0,NA,43,NA,0,1,1,5.884900093078613
1,2,82,12,0,0,0,NA
0,NA,34,12,0,0,0,10.699799537658691
1,NA,56,13,0,1,1,8.827300071716309
1,0,40,13,0,0,1,14.879599571228027
1,NA,53,14,0,1,0,10.699799537658691
0,0,36,12,0,1,0,1.738700032234192
1,0,74,16,0,0,1,4.012400150299072
1,0,59,12,0,1,1,14.879599571228027
1,NA,51,14,1,0,1,5.884900093078613
1,7,45,12,1,0,1,5.884900093078613
1,NA,33,15,0,1,1,4.814899921417236
0,NA,53,12,0,0,0,NA
1,NA,45,14,1,1,0,1.4711999893188477
1,0,66,14,0,0,0,5.884900093078613
1,NA,65,10,0,1,0,0.6955000162124634
0,0,79,8,0,1,0,NA
1,0,73,16,0,1,0,2.273699998855591
0,4,56,NA,0,1,0,0.6955000162124634
NA,0,48,12,0,1,0,2.5411999225616455
0,4,29,14,0,0,0,2.5411999225616455
1,3,44,16,0,0,0,2.9423999786376953
0,NA,34,9,0,0,0,1.738700032234192
1,NA,35,12,1,1,0,0.9629999995231628
0,NA,58,12,0,0,1,4.012400150299072
0,0,39,12,0,0,0,1.738700032234192
1,NA,35,12,0,1,0,2.273699998855591
1,0,45,12,1,0,1,0.4814999997615814
0,NA,44,11,1,0,1,2.273699998855591
0,NA,51,12,0,1,0,3.477400064468384
0,NA,70,11,0,0,1,2.5411999225616455
1,1,63,12,0,0,1,2.9423999786376953
1,5,31,12,1,1,0,2.273699998855591
1,4,42,12,1,1,0,2.273699998855591
1,10,73,6,1,1,1,0.8025000095367432
1,NA,34,13,0,1,1,2.273699998855591
0,NA,22,11,0,0,0,2.273699998855591
1,NA,43,14,0,0,0,2.9423999786376953
1,6,47,15,0,1,1,14.879599571228027
NA,NA,74,18,0,1,1,4.012400150299072
1,0,40,14,0,1,1,8.827300071716309
0,0,38,14,0,1,1,4.814899921417236
0,2,43,14,0,0,0,2.273699998855591
0,NA,41,14,0,0,0,2.5411999225616455
0,NA,39,16,0,1,1,14.879599571228027
1,0,51,16,0,0,1,14.879599571228027
1,0,39,17,0,0,1,10.699799537658691
1,NA,33,12,0,1,1,8.827300071716309
0,2,42,14,0,0,0,4.012400150299072
NA,NA,44,12,0,1,1,10.699799537658691
0,NA,53,14,0,0,1,2.006200075149536
1,1,55,12,0,1,1,7.222300052642822
NA,4,37,13,1,1,1,4.814899921417236
0,6,26,12,0,0,0,2.9423999786376953
0,NA,51,16,1,0,0,NA
1,7,37,13,0,0,0,2.273699998855591
0,NA,31,12,1,0,0,NA
0,NA,21,10,0,1,0,NA
1,NA,41,12,0,1,0,3.477400064468384
1,NA,49,20,0,1,1,7.222300052642822
1,3,40,13,0,0,1,14.879599571228027
1,3,30,12,0,0,1,4.814899921417236
0,12,60,11,0,0,0,0.8025000095367432
0,3,38,12,0,0,0,NA
1,1,56,12,0,0,1,2.5411999225616455
0,NA,21,14,0,0,0,14.879599571228027
1,NA,22,14,0,1,1,4.814899921417236
1,0,28,14,0,1,0,4.814899921417236
0,4,22,13,0,0,0,1.738700032234192
NA,NA,32,12,0,1,0,0.05350000038743019
1,NA,29,13,1,1,0,1.2036999464035034
1,NA,35,13,0,1,1,7.222300052642822
1,3,59,18,0,0,0,4.012400150299072
1,NA,48,16,0,0,1,4.814899921417236
NA,NA,21,10,0,1,0,1.738700032234192
NA,NA,31,14,1,1,NA,1.4711999893188477
1,0,89,7,0,1,0,4.814899921417236
1,4,87,12,0,1,0,1.2036999464035034
0,NA,47,12,1,1,1,2.006200075149536
0,NA,41,10,0,0,1,5.884900093078613
0,8,79,8,0,1,0,1.4711999893188477
0,NA,75,12,0,1,0,1.4711999893188477
1,4,35,12,0,0,0,1.738700032234192
0,0,48,12,0,1,1,3.477400064468384
1,NA,52,12,0,0,1,4.814899921417236
1,NA,38,12,0,0,0,NA
1,0,52,12,0,1,1,4.814899921417236
1,NA,24,13,0,1,1,4.012400150299072
1,3,77,12,0,0,1,4.012400150299072
NA,6,23,12,0,1,0,4.012400150299072
1,1,42,16,0,0,1,4.814899921417236
1,NA,38,14,0,1,0,4.012400150299072
1,NA,36,12,0,1,1,7.222300052642822
NA,1,19,11,0,1,0,8.827300071716309
1,NA,27,16,0,0,0,8.827300071716309
1,1,31,14,0,0,1,7.222300052642822
0,NA,26,13,0,0,0,4.814899921417236
NA,NA,46,15,0,1,1,7.222300052642822
1,NA,64,14,0,1,1,8.827300071716309
1,NA,39,12,0,0,0,5.884900093078613
1,0,26,12,0,1,1,5.884900093078613
1,6,37,13,0,0,1,7.222300052642822
1,2,44,14,0,1,1,8.827300071716309
0,1,36,14,0,0,1,5.884900093078613
0,NA,27,8,0,1,0,1.4711999893188477
0,5,31,12,0,0,0,1.738700032234192
0,0,38,9,0,0,1,0.9629999995231628
NA,12,19,11,0,1,1,0.9629999995231628
0,NA,34,10,0,1,0,0.37450000643730164
0,1,23,15,0,0,0,3.477400064468384
0,NA,33,12,0,0,1,2.9423999786376953
NA,NA,22,17,0,0,0,4.012400150299072
0,2,22,15,0,0,0,0.9629999995231628
1,12,47,16,0,1,0,1.738700032234192
0,NA,21,13,0,1,0,1.738700032234192
0,8,33,12,0,0,0,2.5411999225616455
1,2,29,16,0,0,0,4.814899921417236
1,NA,58,13,0,0,0,3.477400064468384
1,3,42,19,0,1,0,2.5411999225616455
1,NA,70,12,0,1,1,NA
0,3,48,12,0,0,1,2.5411999225616455
1,1,58,16,0,1,0,4.814899921417236
1,NA,27,14,0,1,0,1.738700032234192
0,NA,24,12,0,0,0,2.273699998855591
0,NA,21,12,0,1,1,2.5411999225616455
1,NA,47,14,0,0,1,5.884900093078613
0,NA,56,10,0,1,1,NA
1,0,58,12,0,0,1,2.273699998855591
0,NA,32,12,0,1,1,8.827300071716309
1,2,32,11,0,1,1,2.5411999225616455
1,0,54,13,0,0,1,14.879599571228027
1,5,59,12,0,1,1,2.006200075149536
0,NA,31,12,0,0,0,1.2036999464035034
0,NA,46,10,0,1,1,5.884900093078613
0,NA,48,10,0,0,0,4.814899921417236
1,2,46,15,0,1,1,4.012400150299072
1,NA,34,16,0,1,1,4.814899921417236
0,0,46,12,0,1,1,5.884900093078613
0,2,44,12,0,1,1,7.222300052642822
1,2,40,12,0,1,1,14.879599571228027
0,NA,40,14,0,0,0,10.699799537658691
1,NA,38,12,0,0,1,2.9423999786376953
0,1,41,12,0,0,1,3.477400064468384
1,NA,50,16,0,0,1,14.879599571228027
0,NA,40,16,0,1,0,0.05350000038743019
1,NA,31,20,0,0,1,8.827300071716309
1,0,56,20,0,0,1,NA
1,4,79,13,0,1,0,14.879599571228027
1,NA,36,16,0,0,1,10.699799537658691
1,NA,42,16,0,1,1,8.827300071716309
1,3,67,20,0,0,1,3.477400064468384
1,0,40,18,0,1,1,14.879599571228027
1,NA,49,16,0,1,1,7.222300052642822
1,0,25,14,0,0,0,14.879599571228027
0,5,28,16,0,0,0,5.884900093078613
NA,0,35,13,0,1,1,7.222300052642822
1,0,33,16,0,0,1,4.012400150299072
1,NA,34,13,0,1,0,2.5411999225616455
0,2,61,12,0,0,0,0.05350000038743019
1,6,52,13,0,1,1,7.222300052642822
1,1,32,14,0,0,0,2.9423999786376953
1,NA,77,10,0,0,0,2.273699998855591
NA,NA,80,NA,0,0,1,NA
1,NA,41,12,0,1,0,4.814899921417236
1,NA,73,13,0,1,0,NA
0,0,30,12,0,1,1,8.827300071716309
1,NA,41,16,0,0,0,2.5411999225616455
1,1,45,12,0,1,1,5.884900093078613
0,NA,20,10,0,1,0,NA
1,NA,41,15,0,1,1,2.9423999786376953
0,NA,41,13,1,1,0,0.8025000095367432
1,NA,29,12,0,1,1,1.4711999893188477
0,NA,21,12,0,1,0,1.2036999464035034
0,NA,58,12,0,1,0,2.9423999786376953
0,5,23,12,0,1,1,1.2036999464035034
0,NA,37,14,0,1,1,4.814899921417236
1,NA,71,14,0,0,0,2.9423999786376953
1,0,31,14,1,1,0,4.012400150299072
0,0,31,12,0,1,0,0.4814999997615814
0,NA,22,11,0,1,0,2.006200075149536
1,2,68,12,0,1,1,2.273699998855591
1,2,51,13,0,1,1,4.012400150299072
0,0,65,9,0,1,0,1.4711999893188477
0,NA,27,8,0,0,0,2.9423999786376953
1,NA,43,13,0,0,0,0.05350000038743019
NA,NA,37,9,0,1,1,2.9423999786376953
1,NA,54,17,0,0,0,1.2036999464035034
0,6,38,12,0,1,1,2.9423999786376953
0,2,28,12,0,1,1,1.4711999893188477
1,8,21,13,0,0,0,5.884900093078613
1,NA,49,12,0,1,1,3.477400064468384
0,NA,31,14,0,1,1,4.012400150299072
1,4,46,12,0,0,1,7.222300052642822
1,9,35,12,0,1,0,NA
1,NA,77,16,0,0,1,NA
1,10,40,12,0,0,0,0.4814999997615814
1,NA,22,14,0,0,0,2.273699998855591
NA,NA,36,15,0,1,1,7.222300052642822
0,14,23,8,0,1,0,0.21400000154972076
0,9,32,14,0,1,0,4.814899921417236
NA,NA,34,NA,1,0,0,NA
1,3,56,11,1,0,1,4.814899921417236
1,9,43,9,0,0,1,4.814899921417236
1,NA,35,8,0,0,0,3.477400064468384
0,NA,30,9,0,0,0,NA
1,0,34,17,0,1,0,5.884900093078613
1,NA,32,16,0,0,0,4.012400150299072
1,NA,52,16,1,1,1,NA
1,0,43,19,0,0,1,7.222300052642822
1,1,34,18,0,1,1,7.222300052642822
1,NA,46,19,0,0,1,NA
1,1,62,19,0,1,1,14.879599571228027
1,1,33,12,0,1,1,3.477400064468384
1,4,43,16,0,0,0,3.477400064468384
1,0,38,20,0,1,0,4.012400150299072
NA,NA,35,12,0,0,1,4.814899921417236
1,NA,32,12,0,0,1,NA
1,NA,33,18,0,0,0,4.814899921417236
1,NA,33,17,0,1,1,8.827300071716309
1,0,46,13,0,0,0,4.814899921417236
0,1,21,14,0,1,0,7.222300052642822
1,NA,28,17,0,1,0,2.9423999786376953
0,NA,35,11,0,0,0,2.006200075149536
1,5,56,13,0,0,0,8.827300071716309
0,6,26,14,0,0,0,3.477400064468384
0,NA,26,16,0,0,0,3.477400064468384
1,NA,28,15,0,1,0,2.273699998855591
0,NA,27,15,0,1,0,4.814899921417236
1,2,22,13,0,1,0,0.21400000154972076
1,NA,37,16,0,1,1,8.827300071716309
1,4,28,17,0,0,1,5.884900093078613
0,NA,25,16,0,0,1,3.477400064468384
1,2,70,14,1,0,0,2.273699998855591
0,NA,30,19,0,1,1,5.884900093078613
NA,NA,34,20,0,1,1,4.012400150299072
NA,NA,37,19,0,1,1,5.884900093078613
1,1,73,12,0,0,1,2.9423999786376953
0,NA,26,15,0,0,0,1.2036999464035034
1,2,55,18,0,0,1,4.814899921417236
1,NA,55,14,0,1,0,2.9423999786376953
0,0,35,12,1,0,1,NA
1,NA,43,16,0,1,0,7.222300052642822
0,2,28,14,0,0,0,4.012400150299072
1,NA,43,15,1,1,1,7.222300052642822
1,NA,44,11,1,0,1,8.827300071716309
1,0,34,12,0,0,1,NA
0,NA,34,14,0,1,1,4.814899921417236
1,6,39,13,0,1,1,10.699799537658691
1,2,30,14,0,1,0,4.012400150299072
1,NA,44,16,0,0,0,2.9423999786376953
0,NA,40,12,1,1,0,2.006200075149536
1,NA,49,16,0,0,0,2.9423999786376953
1,NA,33,16,1,0,0,5.884900093078613
1,NA,26,14,0,1,0,2.5411999225616455
1,2,56,12,0,1,0,4.012400150299072
0,NA,64,11,1,0,1,0.9629999995231628
0,0,NA,10,1,0,0,NA
NA,NA,85,2,1,1,0,0.8025000095367432
1,NA,62,10,1,0,0,2.5411999225616455
0,0,60,10,1,1,0,NA
1,NA,70,10,1,1,0,1.738700032234192
0,NA,36,12,1,1,0,1.738700032234192
NA,3,70,12,1,1,0,7.222300052642822
NA,NA,19,12,1,1,0,NA
0,NA,72,11,1,1,0,0.05350000038743019
1,3,76,16,1,1,0,1.2036999464035034
1,12,22,12,1,0,0,3.477400064468384
1,NA,58,18,1,1,1,2.9423999786376953
1,NA,75,9,1,1,0,NA
1,0,42,14,1,1,1,5.884900093078613
1,7,44,9,1,0,0,1.738700032234192
1,0,75,15,0,0,0,NA
0,2,33,12,0,0,0,1.4711999893188477
1,3,69,18,0,1,0,2.9423999786376953
0,3,43,16,0,0,0,2.273699998855591
0,NA,38,13,0,1,1,2.9423999786376953
0,0,28,12,1,1,0,0.6955000162124634
NA,NA,79,NA,0,0,1,0.9629999995231628
NA,NA,40,12,1,0,0,5.884900093078613
1,2,27,18,0,1,0,5.884900093078613
0,2,21,12,0,0,1,5.884900093078613
0,NA,44,12,0,1,1,NA
1,NA,47,15,0,0,1,14.879599571228027
1,1,45,12,0,0,1,7.222300052642822
NA,NA,39,17,0,1,1,5.884900093078613
1,NA,28,19,0,0,0,4.012400150299072
1,1,83,12,0,1,0,2.5411999225616455
1,4,46,14,0,1,0,1.4711999893188477
1,2,59,13,0,1,0,5.884900093078613
1,0,76,16,0,1,1,4.814899921417236
0,NA,34,12,0,1,1,4.814899921417236
1,1,33,14,0,1,1,4.012400150299072
0,0,33,16,0,1,0,7.222300052642822
1,NA,32,12,0,1,1,3.477400064468384
0,NA,29,14,0,1,1,5.884900093078613
1,NA,57,18,0,0,1,3.477400064468384
0,NA,31,12,0,1,1,7.222300052642822
1,NA,37,12,0,0,1,4.814899921417236
0,5,32,8,0,1,0,4.012400150299072
1,2,73,10,1,0,1,1.738700032234192
1,NA,31,14,1,1,1,4.814899921417236
NA,NA,28,14,0,0,1,4.814899921417236
NA,NA,20,13,0,1,1,2.9423999786376953
1,6,35,12,0,0,1,3.477400064468384
1,NA,32,12,0,0,1,8.827300071716309
0,NA,56,10,0,1,1,8.827300071716309
0,9,33,13,0,1,0,4.814899921417236
1,1,56,11,0,1,1,5.884900093078613
0,5,32,13,0,0,1,4.814899921417236
0,3,38,16,0,1,0,2.5411999225616455
1,NA,57,14,0,1,0,4.814899921417236
0,0,51,11,0,0,0,4.012400150299072
0,NA,23,12,0,1,1,2.5411999225616455
0,5,32,12,0,0,0,4.814899921417236
1,5,44,14,0,0,0,NA
1,NA,37,13,0,0,0,4.814899921417236
NA,0,35,12,0,0,1,10.699799537658691
1,4,49,14,0,1,1,10.699799537658691
1,NA,35,12,0,1,1,10.699799537658691
NA,5,18,11,0,1,0,7.222300052642822
1,NA,75,12,0,1,0,NA
0,1,44,10,0,0,1,7.222300052642822
1,NA,50,13,0,0,0,5.884900093078613
0,NA,23,16,1,1,0,8.827300071716309
1,1,42,16,0,0,1,4.814899921417236
1,NA,28,2,0,0,0,1.2036999464035034
1,2,47,12,1,0,1,5.884900093078613
0,NA,20,12,1,1,0,5.884900093078613
0,1,28,15,0,1,0,2.9423999786376953
1,0,58,14,0,1,0,NA
1,NA,84,12,0,0,1,1.738700032234192
1,NA,60,NA,0,0,1,5.884900093078613
1,3,46,17,0,1,0,2.9423999786376953
0,3,39,8,0,1,0,0.4814999997615814
1,NA,33,16,0,0,1,3.477400064468384
1,1,69,16,0,1,0,2.9423999786376953
1,3,31,16,0,0,1,NA
1,2,62,17,1,1,0,2.006200075149536
1,NA,68,12,0,1,0,7.222300052642822
1,1,49,16,0,1,1,5.884900093078613
1,4,38,14,0,1,0,NA
1,3,34,13,0,0,0,0.8025000095367432
0,NA,35,16,0,0,0,2.9423999786376953
1,NA,28,16,0,1,0,4.814899921417236
0,NA,87,6,0,1,0,0.5885000228881836
1,8,54,12,0,1,0,0.6955000162124634
0,0,77,16,0,1,1,1.738700032234192
1,NA,46,13,0,1,0,7.222300052642822
1,NA,26,14,0,0,1,3.477400064468384
1,13,66,12,0,1,0,2.006200075149536
1,NA,46,20,0,0,0,4.814899921417236
1,4,46,13,1,1,0,1.738700032234192
0,NA,33,12,0,1,1,3.477400064468384
1,NA,38,20,0,0,1,8.827300071716309
1,1,48,16,0,0,0,4.012400150299072
1,NA,67,NA,0,1,0,0.5885000228881836
1,2,46,16,0,1,0,14.879599571228027
0,3,21,14,0,1,0,14.879599571228027
1,2,40,14,0,1,1,7.222300052642822
1,0,85,8,0,1,0,2.5411999225616455
0,NA,23,14,0,1,1,3.477400064468384
0,NA,51,12,0,0,1,4.814899921417236
1,5,54,9,0,0,0,4.012400150299072
NA,NA,33,9,0,1,1,0.6955000162124634
0,8,20,11,0,0,0,2.9423999786376953
0,9,21,10,1,1,0,0.21400000154972076
0,4,20,10,1,1,0,0.05350000038743019
1,NA,70,3,0,0,0,0.5885000228881836
1,NA,30,12,1,1,0,1.2036999464035034
0,1,31,14,0,0,0,1.2036999464035034
1,6,61,9,0,0,0,2.9423999786376953
1,NA,36,12,0,1,1,3.477400064468384
1,NA,49,12,0,1,1,2.9423999786376953
1,4,35,12,0,1,1,3.477400064468384
1,5,44,16,0,1,0,2.9423999786376953
0,5,46,10,0,1,1,NA
0,NA,40,12,0,0,1,4.012400150299072
NA,2,60,12,0,0,1,4.814899921417236
1,2,64,0,0,0,1,2.273699998855591
0,2,31,17,0,1,0,3.477400064468384
1,3,51,16,0,0,1,14.879599571228027
0,NA,38,16,0,0,0,5.884900093078613
1,NA,62,9,1,1,0,3.477400064468384
1,NA,39,14,0,1,1,7.222300052642822
1,0,29,12,0,1,1,4.012400150299072
0,1,47,15,0,0,0,4.814899921417236
1,NA,33,15,1,0,1,4.814899921417236
0,6,43,13,1,1,0,0.5885000228881836
0,0,40,14,0,0,0,2.006200075149536
0,NA,38,12,1,0,0,3.477400064468384
0,NA,37,12,1,1,0,0.6955000162124634
0,NA,42,13,1,1,1,NA
0,0,35,17,1,0,0,NA
NA,1,62,12,0,1,1,4.814899921417236
0,1,45,12,0,0,1,NA
1,1,36,20,0,1,0,NA
1,2,80,12,0,0,1,NA
1,NA,82,20,0,0,1,2.5411999225616455
1,NA,72,12,0,1,1,2.006200075149536
1,NA,63,13,0,0,1,4.012400150299072
0,2,36,14,0,1,1,NA
1,1,49,12,0,0,1,4.814899921417236
1,1,61,12,0,1,1,NA
1,NA,44,12,0,1,0,4.012400150299072
1,15,73,16,0,0,1,14.879599571228027
1,1,75,16,0,0,1,3.477400064468384
1,0,55,16,0,1,0,3.477400064468384
1,NA,74,13,0,1,1,5.884900093078613
1,NA,60,14,0,1,1,4.814899921417236
1,NA,38,14,0,0,0,3.477400064468384
1,1,27,16,0,1,1,2.9423999786376953
1,0,66,13,0,0,0,4.814899921417236
1,3,51,18,0,1,1,3.477400064468384
0,1,44,12,1,0,1,NA
1,NA,31,14,1,0,0,8.827300071716309
1,10,36,13,0,0,1,NA
1,NA,42,16,1,0,1,8.827300071716309
1,NA,31,16,0,1,1,10.699799537658691
1,4,47,16,1,0,1,14.879599571228027
NA,NA,19,13,0,0,0,7.222300052642822
0,8,37,18,0,1,0,7.222300052642822
1,NA,59,14,0,0,1,5.884900093078613
1,NA,38,18,0,0,1,14.879599571228027
1,2,33,12,0,1,0,5.884900093078613
1,4,39,14,0,0,1,5.884900093078613
NA,NA,61,15,0,1,1,3.477400064468384
0,5,35,16,0,1,0,2.273699998855591
1,2,22,16,0,1,0,14.879599571228027
0,1,34,16,0,0,1,8.827300071716309
0,NA,23,16,0,0,0,0.21400000154972076
0,NA,21,15,0,0,0,NA
1,1,38,16,1,1,1,4.814899921417236
1,NA,31,16,0,1,1,8.827300071716309
1,NA,43,16,0,1,0,NA
1,NA,28,12,0,1,1,2.9423999786376953
1,NA,42,13,0,1,1,2.273699998855591
0,NA,26,12,0,1,1,2.9423999786376953
1,12,42,15,0,0,0,NA
NA,NA,61,12,0,0,1,10.699799537658691
1,NA,38,16,0,0,1,5.884900093078613
1,4,26,15,0,0,1,4.814899921417236
0,2,50,14,0,0,1,NA
1,NA,46,15,0,0,0,5.884900093078613
0,2,38,13,0,1,1,8.827300071716309
0,NA,51,16,0,1,0,10.699799537658691
0,NA,28,16,0,1,0,2.006200075149536
1,NA,47,14,0,1,1,7.222300052642822
0,NA,21,12,0,0,0,0.37450000643730164
1,0,50,13,0,1,0,4.814899921417236
1,0,51,15,0,1,1,NA
1,NA,48,16,0,1,1,14.879599571228027
1,1,57,20,0,1,0,14.879599571228027
1,NA,62,16,0,1,0,NA
1,2,41,16,0,1,1,14.879599571228027
1,NA,75,12,0,1,0,7.222300052642822
1,NA,74,19,0,1,0,3.477400064468384
1,NA,40,14,1,1,0,4.814899921417236
1,0,73,14,0,0,1,2.9423999786376953
1,4,58,14,1,0,0,4.814899921417236
1,3,51,13,0,0,1,5.884900093078613
0,11,22,13,1,1,0,2.5411999225616455
0,NA,36,14,0,0,1,8.827300071716309
1,0,49,12,0,1,0,1.4711999893188477
1,NA,35,13,0,0,0,4.814899921417236
1,0,66,14,0,1,0,3.477400064468384
1,0,38,16,0,1,0,4.012400150299072
0,NA,27,12,0,1,0,2.9423999786376953
1,3,51,12,0,1,1,4.814899921417236
0,NA,43,15,0,1,1,7.222300052642822
1,NA,31,12,0,1,0,2.9423999786376953
1,0,35,20,0,1,1,7.222300052642822
1,5,20,13,0,1,0,2.006200075149536
0,NA,21,15,0,1,0,0.21400000154972076
1,NA,33,18,0,1,1,7.222300052642822
0,NA,59,18,0,1,1,7.222300052642822
0,4,26,14,0,0,0,1.2036999464035034
1,0,27,12,1,1,0,1.2036999464035034
NA,NA,44,15,1,1,0,2.273699998855591
0,NA,36,12,1,0,0,4.814899921417236
1,0,34,17,0,0,1,7.222300052642822
1,5,37,16,0,1,0,4.012400150299072
0,4,32,12,0,0,0,2.9423999786376953
1,NA,29,16,1,0,1,5.884900093078613
0,NA,29,15,0,0,0,2.5411999225616455
1,NA,59,10,1,0,0,2.9423999786376953
1,4,57,7,0,0,0,2.5411999225616455
1,NA,25,19,0,1,1,3.477400064468384
0,NA,52,9,0,1,0,2.006200075149536
0,6,53,16,0,0,1,2.5411999225616455
0,NA,23,16,1,1,0,7.222300052642822
0,14,32,18,0,0,0,4.814899921417236
1,NA,28,16,1,1,0,NA
0,6,38,14,0,0,0,3.477400064468384
1,9,25,13,0,0,0,1.2036999464035034
1,NA,27,16,1,1,0,1.2036999464035034
0,1,48,6,0,1,0,1.2036999464035034
NA,12,51,14,1,1,0,0.8025000095367432
1,NA,40,13,1,1,0,1.738700032234192
NA,7,32,18,0,1,1,NA
1,0,30,17,0,0,0,2.9423999786376953
0,NA,22,15,1,1,0,0.37450000643730164
0,1,29,9,1,0,1,1.2036999464035034
1,6,28,12,1,1,0,2.273699998855591
1,NA,34,14,0,0,0,4.012400150299072
0,NA,42,12,1,1,0,1.738700032234192
0,NA,33,10,1,1,0,2.006200075149536
0,NA,21,12,1,1,0,7.222300052642822
0,NA,37,13,1,1,0,2.273699998855591
1,NA,23,13,1,1,1,2.5411999225616455
1,NA,23,12,1,1,0,0.5885000228881836
0,NA,77,11,0,1,0,1.4711999893188477
0,0,61,7,0,0,1,5.884900093078613
1,2,45,13,1,1,0,0.37450000643730164
1,2,36,13,1,1,0,0.05350000038743019
0,NA,54,12,0,1,1,4.814899921417236
1,1,21,12,1,1,0,2.273699998855591
1,0,73,14,0,0,1,2.273699998855591
1,0,38,16,1,1,0,1.2036999464035034
0,4,66,16,0,0,1,3.477400064468384
1,NA,54,16,1,1,0,10.699799537658691
1,NA,35,10,0,1,1,3.477400064468384
1,0,52,12,0,1,1,7.222300052642822
1,NA,35,14,0,1,1,4.012400150299072
1,2,52,16,0,1,0,7.222300052642822
NA,0,19,11,0,1,0,7.222300052642822
1,1,73,12,0,1,1,NA
NA,16,19,11,0,0,0,14.879599571228027
1,0,43,19,0,0,1,14.879599571228027
1,NA,43,20,0,0,1,14.879599571228027
1,0,58,17,0,0,1,14.879599571228027
1,NA,63,16,0,1,1,10.699799537658691
1,NA,68,16,0,0,1,7.222300052642822
1,1,42,16,0,1,1,14.879599571228027
1,NA,45,20,0,0,1,14.879599571228027
1,3,49,15,0,0,0,5.884900093078613
0,NA,60,8,0,0,1,0.05350000038743019
1,5,36,15,0,1,0,4.814899921417236
1,NA,38,12,1,1,1,3.477400064468384
0,NA,50,11,0,1,0,2.006200075149536
0,NA,49,8,0,0,1,2.9423999786376953
1,1,36,14,0,1,0,2.5411999225616455
1,NA,45,12,1,0,0,3.477400064468384
1,5,40,12,0,0,1,3.477400064468384
0,NA,32,13,0,1,1,3.477400064468384
1,NA,51,14,0,1,0,4.814899921417236
0,10,30,12,1,0,0,1.2036999464035034
0,NA,30,14,0,0,0,4.814899921417236
1,3,33,16,0,1,0,4.012400150299072
1,9,67,14,0,0,1,4.814899921417236
1,NA,49,15,1,1,0,4.814899921417236
0,1,32,12,0,1,1,4.814899921417236
1,NA,73,12,0,0,1,4.814899921417236
1,NA,40,13,0,1,1,4.814899921417236
NA,NA,51,16,0,1,0,2.9423999786376953
1,4,26,16,1,1,1,4.814899921417236
0,9,29,14,1,0,0,4.012400150299072
1,3,83,9,0,1,0,0.9629999995231628
0,NA,38,12,0,0,0,7.222300052642822
1,7,83,10,0,0,0,NA
0,NA,59,12,0,0,1,4.814899921417236
NA,7,28,16,0,0,0,0.05350000038743019
1,NA,43,12,0,1,1,7.222300052642822
NA,NA,44,12,0,0,1,4.814899921417236
0,0,60,10,0,1,0,0.37450000643730164
1,NA,36,13,0,1,0,1.4711999893188477
1,2,40,12,1,0,0,5.884900093078613
1,1,33,15,0,0,0,2.9423999786376953
1,0,41,10,0,1,0,1.4711999893188477
1,1,46,19,0,0,0,4.012400150299072
1,7,53,13,0,1,1,5.884900093078613
1,5,33,12,0,1,0,2.9423999786376953
1,NA,40,14,0,1,1,5.884900093078613
1,0,64,13,0,1,0,3.477400064468384
1,NA,77,14,0,1,0,NA
1,5,57,14,0,1,1,5.884900093078613
0,3,48,15,0,1,0,2.273699998855591
1,NA,65,12,0,1,0,1.2036999464035034
1,NA,61,12,0,0,1,4.012400150299072
1,1,25,17,0,1,0,NA
1,2,43,12,0,0,1,NA
1,1,34,16,0,0,1,7.222300052642822
0,1,38,12,0,1,1,8.827300071716309
0,NA,40,12,0,1,1,14.879599571228027
1,NA,45,20,0,1,0,10.699799537658691
NA,NA,35,12,0,0,1,7.222300052642822
1,2,51,14,0,0,1,7.222300052642822
NA,NA,20,13,0,0,0,NA
1,1,32,13,0,0,1,3.477400064468384
1,12,61,12,0,0,1,4.814899921417236
0,1,36,16,0,1,0,8.827300071716309
1,NA,42,12,0,1,1,4.814899921417236
0,NA,45,12,0,1,1,7.222300052642822
0,NA,56,12,0,1,1,4.814899921417236
1,7,89,12,0,1,0,NA
1,NA,78,15,0,0,0,4.814899921417236
1,2,56,15,0,0,0,4.814899921417236
1,2,39,12,0,1,0,3.477400064468384
NA,3,60,10,0,1,1,NA
NA,4,34,12,1,1,1,4.814899921417236
1,NA,40,14,0,0,1,4.814899921417236
0,2,31,12,0,0,0,5.884900093078613
1,1,34,10,0,1,0,1.2036999464035034
1,NA,28,11,0,1,0,1.738700032234192
1,NA,46,14,0,1,1,8.827300071716309
0,NA,39,13,0,0,1,1.738700032234192
1,0,33,14,0,0,1,2.9423999786376953
0,2,26,11,1,1,1,2.273699998855591
0,0,35,12,0,0,0,5.884900093078613
1,NA,36,14,0,1,1,8.827300071716309
0,NA,76,9,0,1,0,NA
NA,3,19,11,0,1,0,2.5411999225616455
0,NA,41,11,0,0,0,4.814899921417236
1,NA,66,12,0,1,1,NA
0,4,43,12,1,0,0,2.5411999225616455
1,NA,57,12,0,0,1,8.827300071716309
1,NA,32,14,0,1,0,4.814899921417236
0,NA,26,12,0,0,1,4.814899921417236
1,NA,43,13,0,1,0,4.012400150299072
1,2,40,13,0,0,0,5.884900093078613
1,0,69,20,0,1,0,1.738700032234192
0,NA,40,13,0,0,0,0.8025000095367432
1,NA,88,8,0,0,1,1.738700032234192
1,5,41,12,0,1,0,1.2036999464035034
1,2,83,8,0,0,0,1.2036999464035034
1,NA,59,12,1,1,0,3.477400064468384
NA,NA,19,10,1,1,0,2.5411999225616455
1,NA,58,12,1,1,0,1.2036999464035034
1,NA,37,12,1,0,0,0.05350000038743019
1,0,43,11,1,0,1,2.273699998855591
1,1,68,12,1,1,1,2.5411999225616455
1,8,31,12,1,1,0,3.477400064468384
1,NA,65,10,1,1,1,1.2036999464035034
1,NA,72,11,1,0,1,3.477400064468384
0,5,52,11,1,0,0,NA
0,NA,28,13,0,0,0,0.6955000162124634
1,NA,25,12,0,0,0,0.5885000228881836
1,NA,64,11,0,1,0,0.6955000162124634
1,0,22,15,0,0,0,1.4711999893188477
0,NA,26,12,0,0,0,1.2036999464035034
1,1,21,15,0,1,0,2.5411999225616455
1,7,48,15,0,1,0,0.5885000228881836
0,NA,25,13,0,1,0,0.5885000228881836
1,NA,35,14,0,0,1,7.222300052642822
1,NA,88,12,0,0,1,3.477400064468384
1,NA,49,16,0,1,1,7.222300052642822
1,0,51,15,0,1,1,7.222300052642822
1,2,65,12,0,0,1,3.477400064468384
1,4,37,14,0,1,1,4.012400150299072
1,4,38,13,0,0,1,2.9423999786376953
0,NA,34,16,0,0,1,4.012400150299072
1,NA,64,16,0,1,1,3.477400064468384
1,NA,57,14,0,0,1,4.012400150299072
1,2,32,12,0,0,1,3.477400064468384
1,NA,63,19,0,0,0,4.814899921417236
1,NA,74,12,0,1,0,2.006200075149536
1,0,58,18,0,0,1,14.879599571228027
1,NA,49,18,0,1,0,4.012400150299072
1,1,46,18,0,0,1,7.222300052642822
1,2,74,12,0,0,0,1.2036999464035034
1,NA,58,16,0,1,1,5.884900093078613
1,0,49,16,0,0,1,14.879599571228027
0,NA,30,16,0,1,0,4.012400150299072
1,NA,28,14,0,0,0,7.222300052642822
1,NA,24,14,0,1,1,4.814899921417236
1,4,77,12,0,1,0,4.814899921417236
1,NA,89,8,0,0,0,1.738700032234192
0,8,20,12,0,0,0,1.4711999893188477
1,NA,40,12,0,1,1,3.477400064468384
0,NA,28,13,0,0,0,3.477400064468384
0,6,57,12,1,1,0,NA
NA,NA,19,12,0,0,0,2.273699998855591
1,NA,35,12,0,1,1,3.477400064468384
1,1,62,12,0,1,1,NA
1,2,59,14,1,1,1,2.273699998855591
1,8,55,12,0,0,1,NA
0,0,37,14,0,0,0,2.9423999786376953
0,0,36,12,1,0,1,10.699799537658691
1,NA,83,11,0,1,0,1.4711999893188477
0,NA,73,8,0,0,1,2.006200075149536
1,1,76,12,0,1,0,1.738700032234192
0,NA,28,13,1,1,0,2.273699998855591
1,4,70,3,1,0,0,0.8025000095367432
1,1,33,14,1,0,1,2.5411999225616455
1,1,59,20,1,1,0,3.477400064468384
NA,NA,67,8,1,1,0,NA
NA,8,19,12,1,1,0,0.21400000154972076
1,NA,82,6,1,0,0,1.4711999893188477
0,0,28,12,1,1,1,1.738700032234192
1,NA,21,12,1,1,0,NA
1,0,63,12,1,1,0,NA
0,NA,38,13,0,1,1,2.5411999225616455
NA,1,19,12,0,0,0,4.012400150299072
1,NA,30,15,0,0,0,3.477400064468384
0,NA,33,14,1,0,0,4.814899921417236
1,1,71,12,0,1,0,2.9423999786376953
0,NA,42,12,0,1,1,NA
1,1,27,16,0,1,1,2.273699998855591
1,NA,43,14,0,0,1,8.827300071716309
1,NA,55,19,0,1,1,8.827300071716309
1,4,67,14,0,1,1,8.827300071716309
1,NA,43,17,0,0,1,8.827300071716309
1,NA,45,16,0,1,1,14.879599571228027
0,NA,35,18,0,0,1,7.222300052642822
1,1,29,20,0,0,0,4.012400150299072
1,NA,28,13,0,1,0,2.9423999786376953
0,NA,24,16,0,1,0,0.37450000643730164
1,NA,39,18,0,0,0,2.5411999225616455
1,NA,39,17,0,1,0,4.012400150299072
0,NA,33,12,0,0,0,0.37450000643730164
1,1,46,16,0,0,0,2.9423999786376953
1,NA,37,18,0,1,1,7.222300052642822
1,0,43,17,0,1,1,8.827300071716309
1,NA,34,16,0,0,1,5.884900093078613
1,NA,58,12,1,0,1,NA
1,NA,41,16,0,1,0,7.222300052642822
1,2,51,16,0,0,1,8.827300071716309
1,NA,44,16,0,1,1,10.699799537658691
1,1,44,12,0,1,1,8.827300071716309
1,NA,43,14,0,1,1,3.477400064468384
1,NA,30,13,0,1,1,7.222300052642822
0,1,41,16,0,1,0,3.477400064468384
1,NA,55,16,0,0,0,0.21400000154972076
0,NA,60,17,0,0,0,14.879599571228027
1,NA,47,18,0,0,0,4.814899921417236
1,3,65,12,0,1,1,NA
0,9,37,14,0,0,0,2.9423999786376953
0,5,44,16,0,1,0,0.8025000095367432
1,6,72,8,0,0,1,NA
1,NA,48,20,0,0,0,2.273699998855591
0,NA,21,12,0,1,0,4.012400150299072
1,NA,73,11,0,0,1,2.5411999225616455
0,NA,50,16,1,0,1,5.884900093078613
1,5,56,12,0,1,1,4.814899921417236
0,NA,68,5,0,1,1,NA
1,4,72,14,0,1,0,2.5411999225616455
1,NA,27,15,0,1,1,2.006200075149536
0,NA,22,16,0,1,0,8.827300071716309
1,0,53,8,0,0,0,NA
0,7,67,4,0,1,0,0.9629999995231628
NA,NA,19,11,0,1,1,1.4711999893188477
0,2,24,9,0,0,1,NA
0,NA,24,16,0,0,0,2.9423999786376953
1,0,52,14,0,0,1,5.884900093078613
1,2,70,11,0,1,0,1.4711999893188477
0,NA,33,12,0,1,0,1.4711999893188477
1,NA,70,6,0,0,1,1.4711999893188477
NA,7,19,9,0,1,0,2.006200075149536
0,3,26,10,0,0,0,2.5411999225616455
0,NA,46,11,1,1,0,0.05350000038743019
1,6,44,12,0,0,0,2.5411999225616455
1,NA,48,12,1,1,0,4.814899921417236
0,NA,45,13,1,1,0,0.37450000643730164
1,NA,44,11,1,1,0,0.37450000643730164
0,NA,26,12,1,1,0,0.4814999997615814
1,2,58,8,1,1,0,0.37450000643730164
NA,NA,28,11,1,1,0,0.21400000154972076
0,6,50,10,1,1,0,0.37450000643730164
1,NA,26,12,1,1,0,0.21400000154972076
1,NA,31,13,1,1,0,0.5885000228881836
1,2,57,19,0,0,1,14.879599571228027
0,NA,43,14,0,1,1,5.884900093078613
1,4,31,12,0,0,1,5.884900093078613
1,1,47,11,0,0,0,4.814899921417236
1,NA,41,17,0,1,0,4.814899921417236
1,NA,29,19,0,0,0,8.827300071716309
1,6,39,16,0,0,0,2.9423999786376953
0,5,32,16,0,1,0,2.9423999786376953
1,2,82,8,0,1,0,0.8025000095367432
0,NA,45,17,0,1,0,3.477400064468384
0,3,26,16,0,0,0,3.477400064468384
0,2,76,5,0,1,0,2.006200075149536
1,NA,48,16,1,1,1,14.879599571228027
1,NA,74,12,0,0,1,4.814899921417236
1,NA,64,11,0,1,1,3.477400064468384
1,NA,40,15,0,0,1,8.827300071716309
1,4,67,12,0,1,1,5.884900093078613
0,0,63,8,0,1,1,0.05350000038743019
0,NA,52,12,0,1,1,NA
1,0,75,15,0,1,1,NA
1,5,66,16,0,1,1,14.879599571228027
1,3,79,16,0,0,1,10.699799537658691
0,7,45,6,0,1,1,1.738700032234192
0,8,28,9,0,0,1,1.738700032234192
1,0,73,10,0,0,0,0.9629999995231628
1,NA,86,12,0,1,0,0.8025000095367432
0,NA,55,13,0,0,1,3.477400064468384
0,14,31,9,0,1,0,0.9629999995231628
1,NA,28,15,0,0,0,0.37450000643730164
1,1,37,14,0,0,0,4.012400150299072
1,0,39,16,0,0,0,5.884900093078613
1,5,38,14,0,0,0,4.814899921417236
1,NA,83,18,0,0,1,10.699799537658691
1,NA,34,18,0,0,1,7.222300052642822
1,1,41,17,0,0,0,5.884900093078613
1,3,78,14,0,1,0,1.738700032234192
0,NA,46,15,0,1,0,3.477400064468384
0,NA,54,13,0,1,1,2.006200075149536
0,NA,36,12,0,1,0,2.006200075149536
1,1,58,16,0,0,1,4.012400150299072
1,5,59,16,0,0,0,NA
1,2,58,12,0,1,1,14.879599571228027
1,NA,62,16,0,0,1,14.879599571228027
1,NA,82,13,0,1,0,2.9423999786376953
1,0,34,16,0,1,1,14.879599571228027
1,4,29,14,0,0,0,1.738700032234192
0,9,29,14,0,0,0,2.006200075149536
0,NA,27,12,0,1,0,1.2036999464035034
1,0,27,14,0,0,0,4.012400150299072
1,3,30,14,1,1,0,2.5411999225616455
0,NA,24,13,0,0,0,NA
NA,10,19,12,0,0,0,0.37450000643730164
NA,NA,20,13,0,0,0,1.4711999893188477
0,7,23,16,0,1,0,0.8025000095367432
0,NA,21,15,0,1,0,0.9629999995231628
NA,NA,21,14,0,1,0,1.738700032234192
0,0,21,13,0,0,0,2.006200075149536
1,NA,31,16,0,1,0,2.006200075149536
1,0,38,18,0,0,0,4.012400150299072
1,3,26,17,0,1,0,1.4711999893188477
1,1,79,12,0,1,0,2.006200075149536
1,NA,24,14,0,0,1,2.006200075149536
0,1,23,13,0,1,0,NA
0,7,30,14,0,1,0,2.9423999786376953
0,NA,51,12,0,1,0,3.477400064468384
0,6,28,10,0,0,0,1.4711999893188477
NA,NA,18,12,0,0,0,0.05350000038743019
1,0,27,15,0,0,0,1.4711999893188477
1,3,34,16,0,0,0,1.738700032234192
0,4,26,14,0,0,0,2.006200075149536
1,NA,32,19,0,0,0,2.5411999225616455
NA,NA,20,12,0,0,0,0.21400000154972076
0,4,22,13,0,0,0,1.2036999464035034
NA,NA,23,12,0,0,0,0.8025000095367432
1,2,21,14,0,0,0,2.273699998855591
1,NA,41,20,0,1,0,2.9423999786376953
1,0,21,14,0,1,0,0.8025000095367432
1,NA,46,16,0,1,0,4.814899921417236
1,NA,42,16,0,1,0,3.477400064468384
1,NA,26,12,0,0,0,4.814899921417236
1,NA,55,18,0,1,0,4.814899921417236
1,NA,30,12,0,1,1,4.814899921417236
1,1,49,12,0,0,0,2.9423999786376953
NA,1,19,11,0,0,0,10.699799537658691
1,2,27,12,0,0,0,4.814899921417236
1,2,30,18,0,1,0,2.9423999786376953
0,NA,25,16,0,0,0,4.814899921417236
1,NA,35,12,0,0,0,4.012400150299072
1,0,29,17,0,1,0,5.884900093078613
1,6,31,13,1,1,0,0.21400000154972076
0,NA,21,11,1,1,0,0.21400000154972076
NA,NA,19,12,1,1,0,NA
0,NA,37,12,1,1,0,3.477400064468384
0,NA,21,12,1,1,0,0.5885000228881836
1,1,34,15,0,0,1,0.05350000038743019
NA,NA,33,13,0,0,1,5.884900093078613
1,NA,27,12,0,0,0,2.9423999786376953
0,NA,29,12,0,0,1,4.814899921417236
0,4,26,13,1,1,1,4.012400150299072
1,1,27,13,0,0,1,2.9423999786376953
0,6,41,12,1,0,0,0.8025000095367432
0,1,33,12,0,1,0,1.738700032234192
1,NA,25,18,1,1,0,3.477400064468384
1,0,51,13,1,0,1,10.699799537658691
1,NA,36,16,0,1,1,14.879599571228027
1,0,81,12,0,1,0,NA
1,0,26,16,0,1,0,4.814899921417236
1,NA,39,11,0,0,0,4.012400150299072
1,4,57,17,0,0,0,4.012400150299072
1,NA,30,16,0,0,0,3.477400064468384
1,NA,28,13,0,0,0,4.012400150299072
1,4,39,18,0,0,1,NA
1,NA,42,14,0,0,1,14.879599571228027
1,1,77,16,0,0,1,14.879599571228027
0,NA,37,14,0,1,1,14.879599571228027
1,2,42,13,0,0,1,2.9423999786376953
1,NA,34,16,0,0,1,5.884900093078613
1,2,65,14,0,0,1,7.222300052642822
0,NA,43,16,0,1,0,7.222300052642822
1,NA,36,15,0,0,1,NA
1,2,64,12,0,1,1,4.814899921417236
1,NA,45,16,0,0,0,5.884900093078613
1,3,57,14,0,1,1,14.879599571228027
1,NA,37,14,0,1,1,8.827300071716309
1,NA,43,16,0,1,1,14.879599571228027
1,2,70,14,0,1,0,1.4711999893188477
1,NA,71,13,0,1,1,7.222300052642822
1,NA,69,4,0,0,1,4.814899921417236
1,NA,49,17,0,0,1,7.222300052642822
0,3,35,14,0,0,1,3.477400064468384
0,NA,47,14,0,0,1,5.884900093078613
0,NA,50,16,0,1,1,7.222300052642822
1,NA,47,14,0,0,1,4.012400150299072
1,NA,56,16,0,0,1,14.879599571228027
0,4,24,13,0,1,1,4.012400150299072
1,NA,36,14,0,0,0,2.5411999225616455
0,0,54,18,0,0,1,4.814899921417236
1,0,41,14,0,1,1,NA
0,NA,39,12,0,0,0,1.4711999893188477
0,NA,37,13,0,0,0,1.738700032234192
1,0,62,10,0,1,1,2.5411999225616455
1,NA,32,13,0,0,1,5.884900093078613
1,NA,69,12,0,0,0,2.5411999225616455
0,3,39,12,0,0,1,2.9423999786376953
0,NA,31,12,0,0,0,4.814899921417236
1,NA,74,16,0,0,1,1.4711999893188477
0,1,40,9,0,0,0,2.5411999225616455
1,NA,54,16,1,1,1,2.273699998855591
1,0,36,11,1,0,1,0.6955000162124634
1,4,62,12,1,1,1,NA
1,NA,62,9,1,1,0,0.21400000154972076
0,3,53,15,1,1,0,5.884900093078613
0,4,32,9,0,0,0,7.222300052642822
0,NA,78,6,0,0,1,1.2036999464035034
1,2,28,13,1,0,1,4.814899921417236
1,NA,32,16,1,1,1,7.222300052642822
1,NA,59,12,0,1,0,10.699799537658691
1,NA,53,12,0,1,1,4.012400150299072
1,1,20,12,1,1,0,NA
NA,4,43,16,0,1,1,NA
1,0,53,12,1,0,1,NA
1,NA,64,12,0,1,1,NA
1,5,46,15,0,1,1,14.879599571228027
1,NA,52,12,0,1,1,14.879599571228027
0,NA,51,16,0,1,1,14.879599571228027
1,2,55,12,0,1,1,14.879599571228027
1,NA,54,16,0,0,1,14.879599571228027
1,2,51,16,0,1,1,14.879599571228027
1,4,69,12,0,1,0,NA
0,NA,44,18,0,0,1,14.879599571228027
1,NA,51,16,0,0,0,4.814899921417236
1,NA,48,12,0,0,0,5.884900093078613
1,0,83,15,0,0,1,NA
1,NA,51,17,0,0,1,10.699799537658691
0,4,21,14,0,1,0,NA
1,NA,27,18,0,1,1,5.884900093078613
1,1,38,16,0,1,1,2.9423999786376953
0,4,41,11,0,0,0,3.477400064468384
1,2,41,12,1,0,0,0.05350000038743019
1,2,39,12,0,1,1,0.6955000162124634
0,5,47,12,0,0,1,4.012400150299072
0,0,51,14,0,0,0,NA
0,NA,50,7,1,0,0,NA
1,NA,33,12,0,1,1,4.814899921417236
1,3,38,16,0,1,0,4.814899921417236
0,6,82,12,1,0,0,1.738700032234192
1,NA,54,12,1,1,0,0.6955000162124634
1,NA,68,9,0,0,0,0.05350000038743019
1,11,89,3,0,1,0,0.6955000162124634
0,0,26,16,0,1,0,NA
1,1,74,20,0,1,0,1.738700032234192
1,0,50,16,0,0,0,NA
1,NA,31,12,0,1,1,7.222300052642822
1,1,25,16,0,0,0,8.827300071716309
1,NA,34,12,0,1,1,4.814899921417236
0,3,29,20,0,0,0,0.4814999997615814
1,NA,44,20,0,0,0,NA
NA,0,25,16,0,0,0,NA
1,NA,64,16,0,1,0,7.222300052642822
NA,NA,37,17,0,0,1,2.9423999786376953
1,NA,44,18,0,1,1,5.884900093078613
1,NA,27,16,0,1,0,2.9423999786376953
1,0,80,14,0,0,1,3.477400064468384
1,0,62,15,0,0,0,NA
1,0,81,11,0,0,1,NA
1,0,70,16,0,1,1,NA
1,4,41,16,0,0,1,4.814899921417236
0,NA,33,8,0,1,1,14.879599571228027
0,0,20,12,0,1,0,NA
0,NA,37,11,0,0,0,0.6955000162124634
0,NA,48,11,0,0,0,1.738700032234192
1,NA,76,16,0,0,1,NA
1,NA,29,14,0,1,0,2.9423999786376953
1,1,39,16,0,0,1,14.879599571228027
1,3,35,13,0,1,1,2.006200075149536
0,1,26,11,0,1,1,2.9423999786376953
0,NA,87,8,0,1,0,0.8025000095367432
1,11,34,15,0,0,0,4.814899921417236
1,NA,35,12,0,0,1,4.814899921417236
1,4,37,16,0,0,1,2.5411999225616455
NA,NA,36,12,0,0,1,5.884900093078613
1,NA,63,12,0,1,0,0.5885000228881836
1,2,69,12,0,1,1,0.6955000162124634
1,0,49,15,1,1,0,0.6955000162124634
1,2,38,16,1,0,1,NA
1,NA,26,18,1,1,0,NA
0,NA,50,14,1,1,1,7.222300052642822
0,NA,50,12,1,1,0,NA
1,NA,27,16,1,0,0,3.477400064468384
1,0,64,18,0,1,1,2.5411999225616455
0,NA,31,14,1,0,1,10.699799537658691
1,0,65,12,0,1,0,0.9629999995231628
0,NA,32,12,0,0,0,0.21400000154972076
0,6,78,12,1,1,0,0.6955000162124634
0,5,29,18,0,1,0,4.814899921417236
1,0,36,13,1,1,0,2.5411999225616455
1,NA,23,16,0,0,1,3.477400064468384
0,NA,50,16,0,0,0,4.012400150299072
1,NA,44,16,1,1,0,5.884900093078613
1,4,45,16,1,1,0,NA
0,5,28,14,1,1,0,4.814899921417236
0,NA,33,12,1,1,0,NA
1,0,62,14,0,1,0,5.884900093078613
1,1,38,16,1,1,1,7.222300052642822
1,3,28,16,0,1,0,4.012400150299072
NA,2,53,20,1,1,0,14.879599571228027
1,NA,51,12,0,1,0,2.9423999786376953
1,0,38,18,0,0,1,NA
0,1,26,16,0,1,0,2.9423999786376953
1,4,28,16,0,1,0,2.9423999786376953
NA,NA,35,20,0,0,0,1.738700032234192
1,3,70,14,0,1,0,1.2036999464035034
1,NA,86,12,0,1,0,1.2036999464035034
NA,NA,66,16,0,1,1,0.9629999995231628
1,NA,44,13,0,1,1,NA
NA,NA,32,16,0,0,0,NA
1,1,42,16,0,0,1,10.699799537658691
1,NA,42,13,0,1,1,NA
0,NA,29,14,0,1,1,NA
1,NA,40,16,0,0,0,7.222300052642822
1,NA,37,14,1,1,0,2.006200075149536
NA,4,32,12,1,1,1,3.477400064468384
1,NA,51,16,0,1,0,5.884900093078613
1,4,23,14,0,1,0,1.738700032234192
1,1,60,14,0,1,0,2.5411999225616455
1,4,46,10,1,0,1,4.012400150299072
0,NA,31,12,1,0,0,0.37450000643730164
0,8,71,7,1,0,0,0.4814999997615814
1,NA,46,11,1,0,0,0.4814999997615814
1,0,42,15,1,1,0,2.9423999786376953
NA,1,42,15,0,0,1,8.827300071716309
1,NA,80,4,0,1,0,1.2036999464035034
0,NA,81,18,0,0,0,2.273699998855591
1,5,50,18,0,1,1,4.814899921417236
1,NA,75,6,0,0,0,0.9629999995231628
1,4,58,11,1,0,0,0.21400000154972076
1,2,49,12,0,1,1,1.738700032234192
0,NA,79,5,1,1,1,0.37450000643730164
1,NA,80,6,1,1,0,0.6955000162124634
0,NA,89,6,1,0,1,0.8025000095367432
1,NA,49,15,0,1,0,1.2036999464035034
0,NA,28,14,0,0,1,2.273699998855591
0,9,21,11,0,0,0,2.9423999786376953
NA,2,23,15,0,0,0,2.9423999786376953
0,1,24,16,0,1,0,1.2036999464035034
0,6,21,10,0,1,1,1.2036999464035034
1,NA,34,16,0,0,1,4.814899921417236
1,NA,43,16,0,1,1,7.222300052642822
NA,NA,18,11,0,0,0,4.814899921417236
0,9,34,12,0,1,0,0.9629999995231628
1,NA,54,20,0,1,0,1.4711999893188477
1,NA,23,15,0,1,0,0.5885000228881836
0,3,39,17,0,0,0,3.477400064468384
1,NA,48,18,0,0,1,8.827300071716309
0,0,26,14,0,1,0,0.6955000162124634
1,0,39,18,0,1,1,7.222300052642822
1,NA,56,20,0,0,1,14.879599571228027
1,NA,39,15,0,1,0,4.012400150299072
NA,5,39,16,0,0,1,5.884900093078613
1,7,66,14,0,0,1,0.05350000038743019
1,NA,29,12,0,1,0,1.738700032234192
NA,1,20,9,0,0,0,1.4711999893188477
0,NA,54,12,0,0,1,NA
1,8,37,13,0,1,1,5.884900093078613
1,NA,49,16,0,1,1,5.884900093078613
1,0,31,16,0,1,0,2.9423999786376953
1,2,62,11,0,0,1,0.4814999997615814
0,NA,48,11,0,1,1,1.4711999893188477
1,NA,41,16,0,1,1,4.814899921417236
0,NA,42,12,0,1,1,7.222300052642822
1,2,66,17,0,1,0,1.738700032234192
1,NA,48,14,0,0,1,7.222300052642822
1,3,68,12,0,1,0,2.006200075149536
1,0,71,18,0,0,1,NA
1,NA,58,12,0,1,1,2.006200075149536
1,NA,26,14,0,0,1,NA
1,NA,39,16,0,1,0,14.879599571228027
0,4,34,12,0,1,1,3.477400064468384
0,NA,27,16,0,0,1,4.012400150299072
1,NA,50,14,0,1,0,4.012400150299072
1,NA,51,17,0,1,0,4.814899921417236
1,NA,66,12,0,1,0,0.4814999997615814
1,1,38,16,0,1,0,2.273699998855591
1,NA,50,18,0,0,1,10.699799537658691
1,NA,76,14,1,1,0,1.2036999464035034
1,0,55,11,0,0,1,4.814899921417236
1,4,31,20,0,1,0,4.814899921417236
0,5,27,13,0,0,0,0.4814999997615814
1,NA,33,12,0,1,1,4.012400150299072
0,NA,52,7,0,0,1,NA
1,NA,78,14,0,1,0,0.8025000095367432
1,2,43,14,0,1,0,4.814899921417236
1,NA,42,11,0,0,1,5.884900093078613
1,NA,59,12,0,1,1,8.827300071716309
0,0,34,12,0,0,0,0.5885000228881836
1,0,44,12,0,1,1,7.222300052642822
0,15,46,10,0,0,0,NA
0,NA,71,10,0,0,1,2.9423999786376953
1,NA,51,12,0,1,0,0.9629999995231628
0,NA,22,16,0,1,0,7.222300052642822
1,NA,41,12,0,0,0,3.477400064468384
1,2,64,10,0,0,0,2.273699998855591
NA,NA,42,12,0,1,1,10.699799537658691
1,0,31,12,0,0,0,8.827300071716309
0,NA,25,16,0,1,0,5.884900093078613
1,0,70,12,0,1,1,3.477400064468384
1,NA,83,15,0,1,1,3.477400064468384
1,0,38,12,0,1,1,3.477400064468384
0,10,64,9,0,0,1,NA
1,NA,73,12,0,1,1,2.5411999225616455
1,2,62,15,0,1,0,2.273699998855591
0,5,68,7,0,1,1,1.4711999893188477
1,2,35,16,0,0,1,8.827300071716309
0,NA,20,NA,0,1,0,NA
1,NA,59,13,0,0,1,1.4711999893188477
1,NA,73,14,0,0,0,4.012400150299072
NA,NA,42,12,1,1,0,3.477400064468384
1,NA,58,10,0,0,0,1.738700032234192
1,NA,52,13,0,1,1,8.827300071716309
0,5,35,14,0,1,0,1.4711999893188477
1,3,22,15,1,1,0,1.2036999464035034
1,NA,45,12,0,0,0,2.9423999786376953
0,NA,31,12,0,1,1,NA
0,6,54,12,1,0,0,3.477400064468384
0,NA,55,14,0,1,1,3.477400064468384
1,0,69,12,0,0,1,7.222300052642822
1,NA,20,12,0,0,0,4.814899921417236
0,NA,35,11,0,0,1,2.273699998855591
1,4,76,13,0,1,1,2.9423999786376953
NA,NA,35,10,0,0,1,4.012400150299072
1,NA,51,14,0,1,1,7.222300052642822
0,3,33,12,0,0,1,4.814899921417236
0,10,41,12,0,1,0,3.477400064468384
1,NA,83,6,0,1,0,0.8025000095367432
1,1,53,13,0,1,1,3.477400064468384
1,0,44,16,0,0,1,5.884900093078613
1,NA,47,16,0,0,1,4.012400150299072
1,0,84,11,0,1,1,2.9423999786376953
1,NA,47,12,0,1,0,3.477400064468384
1,NA,30,12,0,1,1,3.477400064468384
0,NA,30,12,0,0,1,5.884900093078613
1,NA,42,12,0,0,1,5.884900093078613
1,0,52,20,0,0,0,7.222300052642822
1,NA,56,12,0,1,1,4.814899921417236
1,NA,66,12,0,0,0,NA
1,0,52,12,0,1,0,5.884900093078613
1,NA,52,12,0,0,0,7.222300052642822
1,0,67,10,0,0,0,4.012400150299072
NA,10,20,12,0,0,0,1.4711999893188477
0,0,23,12,0,1,1,4.814899921417236
0,NA,36,10,0,1,0,2.273699998855591
0,2,78,9,0,1,0,0.5885000228881836
1,NA,71,13,0,0,1,4.012400150299072
1,4,53,18,0,1,0,2.5411999225616455
1,NA,64,15,0,1,0,2.273699998855591
1,1,86,16,0,0,1,4.012400150299072
0,NA,85,8,0,1,0,4.012400150299072
1,NA,30,12,0,1,0,1.738700032234192
1,1,34,17,0,1,1,3.477400064468384
0,2,25,10,0,1,1,2.9423999786376953
1,NA,60,12,0,1,1,NA
1,1,42,14,0,1,0,3.477400064468384
0,2,37,14,0,1,1,7.222300052642822
1,NA,39,20,0,0,0,5.884900093078613
0,NA,50,14,0,0,1,5.884900093078613
1,3,29,13,0,1,0,1.4711999893188477
1,NA,44,12,0,0,0,4.012400150299072
1,NA,42,12,0,0,1,10.699799537658691
1,NA,45,12,0,1,0,2.5411999225616455
0,NA,28,11,0,0,0,1.738700032234192
1,NA,59,12,0,0,0,5.884900093078613
1,13,47,12,0,0,1,2.9423999786376953
1,NA,46,12,0,1,1,8.827300071716309
1,0,48,12,0,0,0,3.477400064468384
1,NA,52,11,0,1,1,2.9423999786376953
1,5,84,2,0,1,0,0.4814999997615814
0,3,69,12,0,1,0,2.006200075149536
0,0,74,11,0,0,1,1.2036999464035034
1,NA,74,11,0,0,1,2.273699998855591
0,2,33,14,0,0,0,2.5411999225616455
1,NA,40,12,0,1,1,4.814899921417236
0,11,25,10,0,1,0,2.9423999786376953
0,NA,30,12,0,1,0,1.4711999893188477
1,4,64,8,0,0,1,1.738700032234192
1,0,47,16,0,1,1,4.814899921417236
1,NA,20,13,0,1,1,2.9423999786376953
1,NA,49,12,0,0,1,4.814899921417236
0,NA,22,15,0,0,0,2.006200075149536
0,NA,34,13,0,0,1,3.477400064468384
1,NA,24,17,0,1,0,0.5885000228881836
0,1,28,16,1,0,0,2.006200075149536
1,NA,37,13,0,0,1,7.222300052642822
1,NA,60,19,0,0,1,7.222300052642822
1,NA,43,16,0,0,1,NA
1,NA,21,13,0,0,0,0.37450000643730164
1,3,35,18,0,1,1,7.222300052642822
1,NA,34,12,0,1,1,8.827300071716309
1,NA,37,16,0,1,1,8.827300071716309
1,NA,39,13,0,1,1,7.222300052642822
1,NA,61,13,1,1,0,3.477400064468384
1,2,49,12,0,0,0,4.814899921417236
1,NA,40,17,0,1,1,1.738700032234192
1,NA,55,18,0,1,1,8.827300071716309
0,0,27,12,0,1,1,2.273699998855591
1,3,53,13,0,1,0,2.5411999225616455
0,5,20,13,0,1,0,0.8025000095367432
1,7,41,12,0,0,0,2.273699998855591
1,NA,22,15,0,1,0,0.05350000038743019
1,NA,23,15,0,0,0,0.6955000162124634
1,3,32,16,0,1,0,2.273699998855591
0,2,22,15,0,0,0,0.9629999995231628
NA,NA,21,14,0,1,0,1.4711999893188477
1,1,25,16,0,1,0,2.5411999225616455
1,2,73,12,0,0,0,2.9423999786376953
1,NA,72,10,0,0,1,3.477400064468384
1,0,73,14,0,1,0,NA
1,NA,62,7,0,0,1,4.012400150299072
1,3,51,8,0,0,1,5.884900093078613
1,1,63,12,0,0,1,2.273699998855591
0,0,39,12,0,0,1,4.814899921417236
1,NA,55,9,0,0,1,NA
1,0,58,18,0,1,1,2.5411999225616455
1,NA,67,9,0,0,0,0.9629999995231628
1,1,60,6,0,0,1,0.5885000228881836
0,2,35,10,0,1,0,3.477400064468384
1,NA,45,12,0,1,1,2.273699998855591
NA,NA,37,8,0,1,1,1.2036999464035034
1,0,24,15,0,1,1,2.9423999786376953
1,1,88,8,0,1,0,NA
0,4,47,8,0,1,1,1.4711999893188477
1,3,33,12,0,1,0,2.006200075149536
1,5,88,8,0,0,0,NA
1,NA,61,16,0,1,0,NA
1,NA,86,NA,0,0,0,0.05350000038743019
1,3,43,12,0,0,0,0.4814999997615814
1,5,39,10,1,1,0,0.4814999997615814
1,2,43,7,1,1,1,0.8025000095367432
1,NA,24,10,1,1,1,1.2036999464035034
1,2,34,15,1,0,1,4.814899921417236
1,0,32,13,1,1,0,NA
1,NA,36,14,1,1,1,4.814899921417236
1,NA,59,13,1,0,1,2.9423999786376953
1,NA,30,8,1,1,0,0.5885000228881836
1,NA,74,8,1,1,0,0.8025000095367432
1,NA,40,15,1,0,0,1.4711999893188477
1,0,50,15,1,0,0,2.006200075149536
1,1,36,14,1,0,1,NA
1,2,89,2,1,1,0,0.4814999997615814
0,4,38,12,0,0,0,3.477400064468384
0,1,65,13,0,0,0,1.738700032234192
1,1,38,14,1,0,1,4.814899921417236
1,NA,51,13,0,1,1,NA
1,NA,52,11,0,1,1,NA
0,NA,51,12,0,1,0,1.4711999893188477
0,NA,30,12,0,1,1,2.5411999225616455
0,2,39,12,0,1,0,4.012400150299072
1,NA,42,12,0,1,1,5.884900093078613
0,4,43,9,0,1,0,1.738700032234192
1,2,64,15,0,0,1,2.9423999786376953
0,NA,62,10,0,1,1,2.006200075149536
1,9,50,20,0,0,0,2.9423999786376953
1,3,33,12,0,0,1,8.827300071716309
NA,NA,42,12,0,0,1,4.814899921417236
0,NA,49,12,0,1,0,1.738700032234192
1,NA,44,19,0,0,1,8.827300071716309
1,NA,39,9,0,1,1,4.012400150299072
1,0,38,11,0,0,1,5.884900093078613
0,4,47,10,0,0,1,1.4711999893188477
0,11,25,12,0,0,0,2.006200075149536
1,NA,32,12,0,0,0,10.699799537658691
NA,NA,77,9,0,0,1,2.5411999225616455
1,0,33,17,0,1,1,3.477400064468384
1,NA,28,16,0,1,1,7.222300052642822
0,3,49,12,0,1,1,14.879599571228027
1,NA,36,13,0,1,1,4.814899921417236
0,0,65,11,0,0,1,4.814899921417236
1,NA,31,12,0,1,1,5.884900093078613
1,1,29,14,0,1,1,5.884900093078613
1,NA,42,12,0,0,1,NA
1,NA,39,15,0,1,1,5.884900093078613
1,0,42,12,0,1,1,4.012400150299072
0,NA,32,13,0,1,1,8.827300071716309
1,4,27,12,0,1,1,4.814899921417236
1,NA,45,13,0,0,0,3.477400064468384
1,4,25,12,0,1,1,0.9629999995231628
1,2,66,20,0,0,1,4.012400150299072
1,NA,41,12,0,1,1,4.814899921417236
0,NA,41,14,0,1,1,5.884900093078613
1,0,33,14,0,0,1,8.827300071716309
0,NA,73,12,0,0,0,8.827300071716309
1,3,70,10,0,0,0,1.4711999893188477
1,NA,52,13,0,1,1,4.012400150299072
1,0,59,7,0,0,1,8.827300071716309
1,NA,73,12,0,0,1,2.273699998855591
0,0,25,14,0,1,1,NA
1,3,76,8,0,0,1,1.4711999893188477
NA,NA,75,13,0,1,1,3.477400064468384
1,0,52,18,0,1,0,7.222300052642822
1,1,45,13,0,1,1,7.222300052642822
1,0,30,14,0,1,1,7.222300052642822
0,NA,40,12,1,0,1,2.006200075149536
1,NA,25,12,1,1,0,1.4711999893188477
0,3,35,12,1,1,0,NA
1,NA,26,12,1,1,0,0.9629999995231628
1,NA,26,14,0,0,0,0.8025000095367432
1,3,65,12,0,0,1,1.2036999464035034
0,2,24,12,0,0,1,2.273699998855591
0,5,46,9,0,0,1,2.006200075149536
0,NA,45,10,0,0,0,2.273699998855591
1,3,47,13,0,0,1,2.5411999225616455
0,NA,22,12,0,0,0,NA
1,NA,55,20,0,1,0,4.012400150299072
1,5,37,12,0,0,1,2.9423999786376953
1,NA,36,14,0,0,0,5.884900093078613
0,NA,38,16,0,1,1,10.699799537658691
1,0,36,12,0,1,1,7.222300052642822
NA,7,18,10,0,0,0,4.012400150299072
1,NA,50,12,0,0,0,2.9423999786376953
0,4,41,15,0,0,0,2.9423999786376953
0,0,36,13,0,0,1,2.273699998855591
0,NA,75,9,0,1,0,0.4814999997615814
1,NA,35,12,0,1,1,3.477400064468384
1,4,49,10,0,1,1,0.8025000095367432
0,NA,66,12,0,1,1,1.738700032234192
0,NA,75,9,0,0,0,0.4814999997615814
1,1,68,12,0,0,1,4.012400150299072
1,0,57,14,0,1,1,NA
1,3,63,10,0,1,0,0.6955000162124634
1,NA,58,13,0,1,1,2.273699998855591
1,NA,33,14,0,0,1,1.2036999464035034
1,NA,77,12,0,1,0,0.8025000095367432
1,NA,51,16,0,1,1,14.879599571228027
1,8,70,8,0,0,1,0.4814999997615814
1,NA,40,12,0,1,1,4.814899921417236
0,NA,54,3,0,0,0,NA
1,8,31,13,0,1,1,4.814899921417236
1,NA,76,9,0,0,1,NA
1,2,46,12,0,1,0,1.4711999893188477
0,NA,32,12,0,1,1,4.814899921417236
1,NA,71,12,0,0,1,NA
1,NA,54,15,0,1,1,4.012400150299072
1,NA,70,12,0,0,1,1.4711999893188477
1,1,39,15,0,1,1,7.222300052642822
0,NA,25,12,0,0,0,NA
0,3,28,12,0,0,1,4.012400150299072
1,NA,44,12,0,1,1,5.884900093078613
1,NA,51,14,0,0,1,4.814899921417236
0,1,42,12,0,1,1,7.222300052642822
0,6,28,12,0,0,0,1.738700032234192
1,NA,56,9,0,1,1,5.884900093078613
1,NA,38,12,0,0,1,3.477400064468384
0,NA,72,12,0,1,1,NA
1,3,27,16,0,1,0,1.4711999893188477
0,NA,38,12,0,0,1,2.273699998855591
1,NA,45,12,0,1,1,5.884900093078613
1,NA,75,12,0,1,1,1.2036999464035034
1,1,48,16,0,1,1,3.477400064468384
1,4,32,13,0,1,1,3.477400064468384
0,4,23,14,0,0,0,10.699799537658691
1,NA,85,12,0,0,0,1.2036999464035034
1,NA,32,15,0,1,1,4.814899921417236
1,NA,33,14,0,1,1,5.884900093078613
1,1,31,19,0,1,0,3.477400064468384
0,NA,26,13,0,1,0,0.5885000228881836
1,2,71,13,0,1,0,2.273699998855591
0,NA,20,14,0,1,0,3.477400064468384
1,0,48,16,0,0,0,14.879599571228027
0,NA,26,12,0,1,1,2.9423999786376953
1,0,85,10,0,1,0,1.4711999893188477
1,NA,24,16,0,1,0,4.012400150299072
1,0,67,10,0,0,1,NA
1,0,67,12,0,1,0,0.4814999997615814
1,0,48,12,0,1,0,NA
0,NA,41,12,0,1,0,1.738700032234192
1,0,48,12,0,1,0,2.9423999786376953
0,NA,29,11,0,0,0,1.738700032234192
1,NA,22,13,0,1,0,1.2036999464035034
0,7,39,12,0,1,1,2.273699998855591
1,NA,54,16,0,0,1,5.884900093078613
0,0,37,12,0,1,1,14.879599571228027
1,NA,57,12,0,1,1,1.4711999893188477
0,NA,50,10,0,1,1,4.012400150299072
1,NA,66,8,0,0,0,2.006200075149536
1,1,48,12,0,0,1,5.884900093078613
1,1,58,12,0,0,1,14.879599571228027
1,1,41,14,0,0,1,7.222300052642822
0,NA,29,10,0,0,1,3.477400064468384
1,NA,47,12,0,0,1,NA
1,4,51,12,1,0,0,2.006200075149536
0,NA,39,12,0,1,0,2.9423999786376953
0,NA,34,12,0,1,1,10.699799537658691
1,2,42,12,0,0,0,5.884900093078613
0,NA,66,6,0,1,0,2.273699998855591
1,1,43,16,0,0,0,2.006200075149536
1,NA,41,11,1,1,0,4.814899921417236
1,2,35,12,1,1,0,4.012400150299072
1,NA,43,14,1,1,0,4.814899921417236
NA,NA,20,11,1,0,0,4.814899921417236
1,NA,51,12,1,1,1,3.477400064468384
0,10,71,14,1,1,0,4.012400150299072
1,NA,36,11,1,0,0,NA
1,NA,25,12,0,1,1,4.814899921417236
1,2,57,16,0,0,1,14.879599571228027
1,NA,23,13,1,0,0,4.012400150299072
NA,4,29,14,1,1,0,0.37450000643730164
1,4,42,12,1,1,1,5.884900093078613
0,NA,52,6,0,1,1,4.012400150299072
1,3,42,10,0,1,0,1.738700032234192
1,10,54,14,0,0,1,3.477400064468384
1,6,46,12,0,1,1,4.814899921417236
1,NA,41,10,0,0,0,4.012400150299072
NA,3,19,11,1,0,0,3.477400064468384
1,NA,41,12,0,1,1,7.222300052642822
1,NA,78,7,0,1,1,1.2036999464035034
1,NA,73,11,0,1,1,14.879599571228027
NA,NA,19,12,1,0,0,2.9423999786376953
0,5,37,12,1,0,1,2.006200075149536
1,2,45,12,1,1,0,1.4711999893188477
1,NA,57,12,0,0,1,8.827300071716309
1,1,49,16,0,1,1,4.012400150299072
1,NA,50,16,0,0,1,14.879599571228027
1,NA,52,12,0,1,1,14.879599571228027
0,1,39,16,0,1,1,8.827300071716309
0,4,29,16,0,1,0,4.814899921417236
0,0,54,8,0,0,1,5.884900093078613
1,NA,41,16,0,1,1,10.699799537658691
1,NA,58,14,0,1,0,NA
1,NA,33,16,0,1,1,14.879599571228027
1,0,77,12,0,1,0,4.814899921417236
0,0,32,13,0,1,1,7.222300052642822
1,0,65,18,0,0,1,3.477400064468384
1,4,40,9,0,0,1,1.2036999464035034
0,2,58,12,0,1,1,2.273699998855591
0,NA,22,11,0,1,0,7.222300052642822
1,NA,83,11,0,0,1,2.273699998855591
1,NA,33,12,1,0,0,4.814899921417236
0,NA,26,9,0,1,1,4.012400150299072
1,NA,38,12,0,0,1,3.477400064468384
1,1,37,16,0,1,1,5.884900093078613
1,1,56,12,0,0,1,7.222300052642822
0,NA,29,12,0,0,0,4.012400150299072
1,NA,38,12,0,0,0,4.012400150299072
0,2,34,12,0,1,1,4.814899921417236
1,NA,37,11,1,1,0,3.477400064468384
0,3,37,12,1,1,0,3.477400064468384
0,2,27,12,1,1,1,4.814899921417236
0,NA,48,4,0,1,0,1.738700032234192
1,1,65,13,1,1,1,2.273699998855591
1,NA,54,16,0,0,0,8.827300071716309
1,1,30,17,0,0,1,2.5411999225616455
1,NA,75,12,0,1,0,1.738700032234192
1,NA,83,8,0,1,0,0.37450000643730164
1,NA,75,12,0,1,0,1.738700032234192
1,NA,86,7,0,0,1,2.273699998855591
1,1,77,12,0,0,1,4.814899921417236
0,3,65,8,0,0,0,0.8025000095367432
0,10,23,12,0,0,0,2.006200075149536
1,NA,24,15,0,1,1,2.5411999225616455
1,4,22,14,0,1,0,0.5885000228881836
1,NA,31,12,0,1,0,1.4711999893188477
1,NA,25,16,0,0,0,0.9629999995231628
0,3,77,8,0,1,0,0.9629999995231628
0,NA,25,10,0,1,0,1.2036999464035034
1,3,24,13,0,1,0,1.2036999464035034
NA,2,42,14,0,1,0,2.5411999225616455
1,NA,32,18,0,0,1,7.222300052642822
1,3,51,12,0,0,1,8.827300071716309
0,NA,23,12,0,1,1,1.4711999893188477
1,NA,22,12,0,0,1,1.2036999464035034
1,4,25,13,0,0,1,2.273699998855591
1,2,36,16,0,0,1,5.884900093078613
0,3,25,13,0,1,1,2.9423999786376953
0,1,33,12,0,1,1,4.012400150299072
0,4,28,12,0,1,1,3.477400064468384
0,7,47,13,0,0,1,5.884900093078613
1,5,70,14,0,0,0,5.884900093078613
0,8,26,16,0,0,1,4.814899921417236
1,6,37,13,0,1,0,2.9423999786376953
1,NA,28,12,0,0,0,2.9423999786376953
1,NA,39,14,0,0,1,4.814899921417236
1,7,40,12,0,1,0,2.9423999786376953
0,NA,54,10,0,1,1,NA
0,NA,42,9,0,0,1,4.814899921417236
0,NA,54,12,0,0,0,NA
1,NA,46,12,0,0,0,2.006200075149536
1,NA,37,13,0,1,0,NA
1,NA,44,12,0,0,1,4.814899921417236
1,12,21,12,0,0,1,1.738700032234192
0,4,23,12,0,1,1,0.21400000154972076
0,NA,51,10,0,0,0,0.4814999997615814
1,NA,76,12,0,1,0,2.006200075149536
0,NA,57,10,0,1,1,NA
0,4,26,13,0,1,1,4.814899921417236
1,2,53,12,0,0,1,2.9423999786376953
1,NA,86,15,0,1,1,7.222300052642822
1,NA,33,13,0,1,0,NA
0,4,62,10,0,0,1,4.012400150299072
1,NA,32,12,0,1,0,3.477400064468384
1,2,33,14,0,0,0,NA
1,0,47,11,0,0,1,10.699799537658691
0,0,56,9,0,1,0,0.4814999997615814
0,NA,32,14,0,0,0,2.9423999786376953
NA,NA,76,12,0,1,0,NA
1,NA,80,11,0,1,1,NA
1,0,35,14,0,0,0,5.884900093078613
0,NA,42,12,0,1,1,NA
1,2,65,12,0,1,0,NA
1,NA,77,12,0,1,0,NA
1,NA,39,12,0,1,1,7.222300052642822
0,NA,21,13,0,0,1,NA
1,0,56,16,0,0,1,NA
1,0,46,14,0,0,1,5.884900093078613
1,11,30,12,0,1,1,2.006200075149536
1,NA,31,14,0,0,1,4.814899921417236
0,6,85,12,0,0,0,2.5411999225616455
1,NA,34,13,0,0,1,NA
1,NA,54,14,0,1,1,7.222300052642822
0,0,39,12,0,0,1,5.884900093078613
1,0,51,15,0,1,0,5.884900093078613
0,NA,72,15,0,1,0,7.222300052642822
1,0,69,16,0,0,1,10.699799537658691
1,1,41,17,0,1,1,14.879599571228027
1,NA,48,12,0,0,1,7.222300052642822
1,NA,59,12,0,1,0,3.477400064468384
0,5,54,12,0,0,1,0.9629999995231628
1,3,38,18,0,1,0,4.814899921417236
1,2,46,19,0,1,1,7.222300052642822
1,NA,84,12,0,1,1,1.738700032234192
1,NA,28,16,0,1,1,3.477400064468384
0,NA,31,13,0,1,0,0.5885000228881836
1,2,32,16,0,1,1,3.477400064468384
NA,NA,79,12,0,1,1,2.006200075149536
1,1,58,18,0,0,0,3.477400064468384
1,NA,55,17,0,0,0,4.814899921417236
1,NA,76,14,0,1,0,3.477400064468384
0,NA,50,14,0,0,0,4.012400150299072
0,5,27,16,0,1,0,2.5411999225616455
1,0,34,16,0,1,1,7.222300052642822
NA,5,21,14,0,0,0,5.884900093078613
1,0,41,13,0,1,1,5.884900093078613
1,NA,82,12,0,0,0,0.8025000095367432
1,NA,65,13,0,0,1,10.699799537658691
0,0,32,8,0,0,1,NA
1,NA,42,12,0,1,1,3.477400064468384
1,NA,42,12,0,1,1,3.477400064468384
0,7,55,8,0,0,1,5.884900093078613
0,NA,29,14,0,1,1,4.012400150299072
1,1,25,12,0,0,0,2.5411999225616455
1,7,32,13,0,1,1,4.814899921417236
1,12,73,10,0,1,1,3.477400064468384
0,0,50,12,0,1,1,NA
0,5,40,9,0,1,1,0.9629999995231628
1,2,60,12,0,0,0,3.477400064468384
1,NA,77,9,0,1,0,NA
0,NA,35,13,0,0,1,7.222300052642822
1,0,60,19,0,1,0,2.5411999225616455
1,NA,42,20,0,1,1,4.012400150299072
1,NA,39,11,0,1,0,2.9423999786376953
0,12,36,10,0,0,0,1.738700032234192
0,6,35,12,0,1,0,2.9423999786376953
1,NA,76,6,0,1,1,1.4711999893188477
1,4,36,12,1,0,1,4.012400150299072
0,NA,29,11,1,1,0,2.5411999225616455
NA,0,81,4,1,1,0,0.5885000228881836
0,5,23,13,1,0,0,2.273699998855591
1,2,45,13,0,1,0,1.2036999464035034
1,NA,74,14,0,0,1,5.884900093078613
1,NA,71,14,0,1,1,7.222300052642822
1,NA,43,12,0,0,0,10.699799537658691
NA,4,43,12,0,1,1,5.884900093078613
0,4,23,14,0,1,0,NA
0,4,35,12,0,1,1,0.21400000154972076
1,NA,74,12,0,1,0,0.4814999997615814
0,12,72,10,0,1,0,NA
1,NA,69,8,0,1,0,0.9629999995231628
NA,NA,87,11,0,1,0,NA
0,NA,87,15,0,1,0,NA
0,NA,67,10,0,1,0,0.8025000095367432
1,3,51,12,0,1,0,0.6955000162124634
0,6,59,4,0,1,0,1.2036999464035034
0,NA,53,12,0,1,0,0.8025000095367432
1,2,21,14,0,0,0,0.9629999995231628
1,NA,33,11,0,1,1,0.21400000154972076
0,NA,28,12,0,1,0,0.6955000162124634
0,15,51,10,0,1,1,2.006200075149536
1,NA,70,12,0,1,0,NA
1,NA,69,3,0,1,0,0.05350000038743019
1,NA,44,12,0,1,1,4.012400150299072
0,7,51,15,0,0,0,0.21400000154972076
0,NA,26,8,0,1,0,NA
1,NA,32,12,0,1,1,4.814899921417236
0,NA,43,11,0,1,1,2.5411999225616455
NA,NA,26,12,0,0,1,2.273699998855591
0,NA,65,8,0,1,1,NA
0,3,21,10,0,0,0,4.012400150299072
1,4,39,12,0,0,1,10.699799537658691
NA,NA,21,12,0,0,1,NA
1,3,37,18,0,1,1,7.222300052642822
0,1,42,14,0,1,1,4.814899921417236
1,3,44,14,0,0,1,7.222300052642822
1,NA,44,12,0,1,1,10.699799537658691
1,4,30,14,0,1,1,8.827300071716309
1,NA,49,16,0,1,1,5.884900093078613
1,NA,56,12,0,1,0,0.5885000228881836
NA,5,51,11,0,1,0,1.738700032234192
0,NA,23,16,0,1,0,10.699799537658691
1,NA,48,14,0,0,1,8.827300071716309
1,NA,42,14,0,1,1,7.222300052642822
1,2,50,15,1,0,1,10.699799537658691
0,3,83,12,0,1,0,NA
1,1,72,16,0,1,0,NA
1,2,47,14,0,0,1,8.827300071716309
1,NA,28,14,0,0,1,7.222300052642822
0,1,35,15,1,1,1,5.884900093078613
1,2,48,13,0,1,1,2.5411999225616455
1,0,72,14,0,1,1,4.012400150299072
1,NA,35,14,0,1,0,2.5411999225616455
0,NA,46,16,0,0,0,4.012400150299072
0,NA,51,13,0,0,0,2.273699998855591
1,0,30,12,0,1,0,NA
1,NA,73,12,1,0,0,NA
1,NA,58,12,0,1,1,5.884900093078613
1,4,38,10,0,1,1,3.477400064468384
1,0,67,12,0,0,1,2.9423999786376953
1,NA,75,11,0,1,0,0.9629999995231628
0,8,73,7,0,0,0,0.5885000228881836
0,0,21,13,0,1,0,NA
NA,NA,19,12,0,0,0,14.879599571228027
1,NA,28,12,0,1,1,2.9423999786376953
1,NA,48,12,0,1,1,4.012400150299072
0,5,68,11,0,1,1,3.477400064468384
1,NA,43,17,1,0,1,7.222300052642822
0,NA,38,12,0,1,1,4.012400150299072
1,NA,33,12,0,1,1,3.477400064468384
1,NA,41,13,0,1,1,7.222300052642822
0,0,54,12,0,0,1,4.012400150299072
1,NA,44,18,0,1,0,3.477400064468384
0,NA,78,8,0,1,0,NA
1,0,46,12,0,1,1,4.814899921417236
1,5,35,19,0,0,0,8.827300071716309
1,NA,74,16,0,0,0,2.273699998855591
0,4,26,15,0,0,0,2.9423999786376953
0,2,57,7,0,0,0,NA
0,NA,27,16,0,1,1,4.012400150299072
1,NA,57,20,0,0,1,14.879599571228027
1,NA,68,13,0,0,0,7.222300052642822
1,2,56,12,0,1,1,NA
NA,NA,20,12,0,0,0,4.814899921417236
1,2,56,10,0,1,1,4.012400150299072
0,NA,34,8,0,1,1,2.273699998855591
1,NA,67,12,1,0,0,2.9423999786376953
1,NA,40,16,1,1,1,7.222300052642822
1,1,53,12,0,1,0,NA
1,3,33,15,0,0,1,7.222300052642822
0,NA,62,12,0,0,1,4.012400150299072
1,NA,68,10,0,1,0,NA
1,2,28,12,0,0,0,3.477400064468384
0,3,70,12,0,1,0,0.9629999995231628
NA,6,52,12,0,0,1,2.9423999786376953
1,NA,34,14,0,1,0,4.814899921417236
0,1,88,12,1,0,1,1.4711999893188477
0,NA,70,10,0,0,0,NA
1,6,44,15,0,0,0,1.2036999464035034
1,NA,41,18,0,1,1,10.699799537658691
0,1,23,12,0,1,0,4.012400150299072
1,NA,76,12,0,1,0,NA
1,NA,48,16,0,1,0,1.2036999464035034
1,NA,26,12,0,0,0,3.477400064468384
0,0,38,12,1,0,0,NA
0,0,47,12,0,1,0,4.012400150299072
1,NA,75,15,0,1,0,NA
0,0,28,13,0,1,0,2.273699998855591
0,NA,26,12,0,0,1,4.814899921417236
0,1,34,12,0,1,1,4.814899921417236
0,6,40,12,0,0,0,4.814899921417236
1,0,48,12,0,0,1,7.222300052642822
0,5,71,10,1,1,1,2.273699998855591
0,4,61,12,0,0,0,4.814899921417236
0,0,45,13,0,0,0,3.477400064468384
0,NA,50,12,1,0,0,4.814899921417236
0,0,32,13,0,1,1,5.884900093078613
1,NA,77,14,0,0,0,14.879599571228027
1,0,47,13,0,0,1,8.827300071716309
0,NA,24,13,0,1,1,5.884900093078613
1,0,49,18,0,1,1,5.884900093078613
1,NA,68,12,0,1,1,3.477400064468384
1,NA,49,14,0,0,1,4.814899921417236
1,NA,81,12,0,1,0,1.4711999893188477
1,2,49,14,0,1,1,4.814899921417236
1,NA,65,12,0,0,1,2.273699998855591
0,NA,49,12,0,0,0,2.5411999225616455
1,2,37,14,0,0,1,5.884900093078613
1,2,30,12,0,1,1,3.477400064468384
0,NA,48,13,0,0,1,7.222300052642822
0,NA,37,12,0,1,1,NA
0,12,59,9,0,1,0,NA
1,NA,73,14,0,1,1,2.273699998855591
1,1,40,12,0,1,0,1.738700032234192
1,2,73,6,0,0,1,2.273699998855591
1,4,47,12,0,0,0,3.477400064468384
NA,6,20,10,0,0,0,4.012400150299072
